city,resourceType,year,month,usageAmount
Kuala Lumpur,Water,2020,1,752.87
Kuala Lumpur,Water,2020,2,724.71
Kuala Lumpur,Water,2020,3,720.69
Kuala Lumpur,Water,2020,4,826.02
Kuala Lumpur,Water,2021,1,715.65
Kuala Lumpur,Water,2021,2,770.71
Kuala Lumpur,Water,2021,3,704.39
Kuala Lumpur,Water,2021,4,685.07
Kuala Lumpur,Water,2022,1,706.91
Kuala Lumpur,Water,2022,2,813.61
Kuala Lumpur,Water,2022,3,737.54
Kuala Lumpur,Water,2022,4,822.67
Kuala Lumpur,Water,2023,1,696.53
Kuala Lumpur,Water,2023,2,684.36
Kuala Lumpur,Water,2023,3,819.98
Kuala Lumpur,Water,2023,4,792.21
Kuala Lumpur,Water,2024,1,748.99
Kuala Lumpur,Water,2024,2,695.94
Kuala Lumpur,Water,2024,3,705.82
Kuala Lumpur,Water,2024,4,825.59
Kuala Lumpur,Water,2025,1,803.5
Kuala Lumpur,Water,2025,2,684.41
Kuala Lumpur,Water,2025,3,826.86
Kuala Lumpur,Water,2025,4,681.05
Kuala Lumpur,Electricity,2020,1,2088.66
Kuala Lumpur,Electricity,2020,2,2159.09
Kuala Lumpur,Electricity,2020,3,1907.48
Kuala Lumpur,Electricity,2020,4,1871.5
Kuala Lumpur,Electricity,2021,1,1834.41
Kuala Lumpur,Electricity,2021,2,1883.56
Kuala Lumpur,Electricity,2021,3,1837.15
Kuala Lumpur,Electricity,2021,4,1908.84
Kuala Lumpur,Electricity,2022,1,1861.51
Kuala Lumpur,Electricity,2022,2,1950.54
Kuala Lumpur,Electricity,2022,3,2176.01
Kuala Lumpur,Electricity,2022,4,2080.28
Kuala Lumpur,Electricity,2023,1,1937.7
Kuala Lumpur,Electricity,2023,2,1950.17
Kuala Lumpur,Electricity,2023,3,2111.92
Kuala Lumpur,Electricity,2023,4,1894.87
Kuala Lumpur,Electricity,2024,1,1864.68
Kuala Lumpur,Electricity,2024,2,2167.22
Kuala Lumpur,Electricity,2024,3,1937.33
Kuala Lumpur,Electricity,2024,4,2186.01
Kuala Lumpur,Electricity,2025,1,2151.29
Kuala Lumpur,Electricity,2025,2,1915.53
Kuala Lumpur,Electricity,2025,3,2191.69
Kuala Lumpur,Electricity,2025,4,1937.26
Kuala Lumpur,Fuel,2020,1,282.39
Kuala Lumpur,Fuel,2020,2,293.64
Kuala Lumpur,Fuel,2020,3,310.41
Kuala Lumpur,Fuel,2020,4,320.34
Kuala Lumpur,Fuel,2021,1,308.83
Kuala Lumpur,Fuel,2021,2,333.7
Kuala Lumpur,Fuel,2021,3,313.62
Kuala Lumpur,Fuel,2021,4,329.06
Kuala Lumpur,Fuel,2022,1,334.04
Kuala Lumpur,Fuel,2022,2,314.42
Kuala Lumpur,Fuel,2022,3,321.98
Kuala Lumpur,Fuel,2022,4,281.7
Kuala Lumpur,Fuel,2023,1,309.02
Kuala Lumpur,Fuel,2023,2,334.24
Kuala Lumpur,Fuel,2023,3,301.66
Kuala Lumpur,Fuel,2023,4,287.19
Kuala Lumpur,Fuel,2024,1,322.34
Kuala Lumpur,Fuel,2024,2,304.74
Kuala Lumpur,Fuel,2024,3,309.33
Kuala Lumpur,Fuel,2024,4,283.26
Kuala Lumpur,Fuel,2025,1,287.21
Kuala Lumpur,Fuel,2025,2,323.81
Kuala Lumpur,Fuel,2025,3,293.64
Kuala Lumpur,Fuel,2025,4,322.33
Shah Alam,Water,2020,1,683.97
Shah Alam,Water,2020,2,666.88
Shah Alam,Water,2020,3,574.49
Shah Alam,Water,2020,4,601.63
Shah Alam,Water,2021,1,655.99
Shah Alam,Water,2021,2,648.01
Shah Alam,Water,2021,3,601.3
Shah Alam,Water,2021,4,671.07
Shah Alam,Water,2022,1,593.71
Shah Alam,Water,2022,2,600.38
Shah Alam,Water,2022,3,645.65
Shah Alam,Water,2022,4,614.58
Shah Alam,Water,2023,1,577.24
Shah Alam,Water,2023,2,613.49
Shah Alam,Water,2023,3,658.53
Shah Alam,Water,2023,4,607.06
Shah Alam,Water,2024,1,601.3
Shah Alam,Water,2024,2,682.94
Shah Alam,Water,2024,3,611.93
Shah Alam,Water,2024,4,687.76
Shah Alam,Water,2025,1,678.32
Shah Alam,Water,2025,2,583.2
Shah Alam,Water,2025,3,622.27
Shah Alam,Water,2025,4,585.39
Shah Alam,Electricity,2020,1,1356.27
Shah Alam,Electricity,2020,2,1409.03
Shah Alam,Electricity,2020,3,1278.38
Shah Alam,Electricity,2020,4,1395.19
Shah Alam,Electricity,2021,1,1393.92
Shah Alam,Electricity,2021,2,1257.32
Shah Alam,Electricity,2021,3,1456.19
Shah Alam,Electricity,2021,4,1286.98
Shah Alam,Electricity,2022,1,1409.22
Shah Alam,Electricity,2022,2,1252.53
Shah Alam,Electricity,2022,3,1431.02
Shah Alam,Electricity,2022,4,1277.0
Shah Alam,Electricity,2023,1,1452.3
Shah Alam,Electricity,2023,2,1216.42
Shah Alam,Electricity,2023,3,1248.24
Shah Alam,Electricity,2023,4,1279.32
Shah Alam,Electricity,2024,1,1372.02
Shah Alam,Electricity,2024,2,1240.46
Shah Alam,Electricity,2024,3,1224.47
Shah Alam,Electricity,2024,4,1439.14
Shah Alam,Electricity,2025,1,1387.66
Shah Alam,Electricity,2025,2,1334.89
Shah Alam,Electricity,2025,3,1402.1
Shah Alam,Electricity,2025,4,1370.44
Shah Alam,Fuel,2020,1,588.11
Shah Alam,Fuel,2020,2,603.55
Shah Alam,Fuel,2020,3,615.42
Shah Alam,Fuel,2020,4,567.59
Shah Alam,Fuel,2021,1,613.75
Shah Alam,Fuel,2021,2,615.84
Shah Alam,Fuel,2021,3,567.85
Shah Alam,Fuel,2021,4,561.49
Shah Alam,Fuel,2022,1,597.35
Shah Alam,Fuel,2022,2,631.26
Shah Alam,Fuel,2022,3,585.52
Shah Alam,Fuel,2022,4,617.96
Shah Alam,Fuel,2023,1,583.28
Shah Alam,Fuel,2023,2,594.09
Shah Alam,Fuel,2023,3,564.22
Shah Alam,Fuel,2023,4,541.16
Shah Alam,Fuel,2024,1,589.3
Shah Alam,Fuel,2024,2,517.08
Shah Alam,Fuel,2024,3,583.63
Shah Alam,Fuel,2024,4,584.76
Shah Alam,Fuel,2025,1,530.33
Shah Alam,Fuel,2025,2,552.73
Shah Alam,Fuel,2025,3,631.19
Shah Alam,Fuel,2025,4,596.94
Petaling Jaya,Water,2020,1,949.03
Petaling Jaya,Water,2020,2,876.29
Petaling Jaya,Water,2020,3,838.14
Petaling Jaya,Water,2020,4,943.54
Petaling Jaya,Water,2021,1,940.3
Petaling Jaya,Water,2021,2,968.49
Petaling Jaya,Water,2021,3,827.5
Petaling Jaya,Water,2021,4,864.77
Petaling Jaya,Water,2022,1,880.13
Petaling Jaya,Water,2022,2,826.5
Petaling Jaya,Water,2022,3,846.38
Petaling Jaya,Water,2022,4,871.37
Petaling Jaya,Water,2023,1,899.94
Petaling Jaya,Water,2023,2,837.82
Petaling Jaya,Water,2023,3,830.68
Petaling Jaya,Water,2023,4,880.91
Petaling Jaya,Water,2024,1,940.31
Petaling Jaya,Water,2024,2,803.38
Petaling Jaya,Water,2024,3,861.14
Petaling Jaya,Water,2024,4,873.55
Petaling Jaya,Water,2025,1,930.82
Petaling Jaya,Water,2025,2,913.72
Petaling Jaya,Water,2025,3,924.99
Petaling Jaya,Water,2025,4,936.26
Petaling Jaya,Electricity,2020,1,1582.77
Petaling Jaya,Electricity,2020,2,1762.31
Petaling Jaya,Electricity,2020,3,1715.67
Petaling Jaya,Electricity,2020,4,1499.51
Petaling Jaya,Electricity,2021,1,1693.64
Petaling Jaya,Electricity,2021,2,1699.85
Petaling Jaya,Electricity,2021,3,1704.68
Petaling Jaya,Electricity,2021,4,1709.28
Petaling Jaya,Electricity,2022,1,1460.94
Petaling Jaya,Electricity,2022,2,1769.41
Petaling Jaya,Electricity,2022,3,1649.25
Petaling Jaya,Electricity,2022,4,1562.89
Petaling Jaya,Electricity,2023,1,1670.85
Petaling Jaya,Electricity,2023,2,1502.16
Petaling Jaya,Electricity,2023,3,1687.97
Petaling Jaya,Electricity,2023,4,1549.76
Petaling Jaya,Electricity,2024,1,1671.17
Petaling Jaya,Electricity,2024,2,1469.35
Petaling Jaya,Electricity,2024,3,1542.59
Petaling Jaya,Electricity,2024,4,1526.22
Petaling Jaya,Electricity,2025,1,1556.24
Petaling Jaya,Electricity,2025,2,1677.1
Petaling Jaya,Electricity,2025,3,1565.26
Petaling Jaya,Electricity,2025,4,1489.55
Petaling Jaya,Fuel,2020,1,514.92
Petaling Jaya,Fuel,2020,2,502.73
Petaling Jaya,Fuel,2020,3,559.02
Petaling Jaya,Fuel,2020,4,518.52
Petaling Jaya,Fuel,2021,1,529.3
Petaling Jaya,Fuel,2021,2,501.93
Petaling Jaya,Fuel,2021,3,529.1
Petaling Jaya,Fuel,2021,4,478.47
Petaling Jaya,Fuel,2022,1,492.07
Petaling Jaya,Fuel,2022,2,491.88
Petaling Jaya,Fuel,2022,3,541.21
Petaling Jaya,Fuel,2022,4,524.69
Petaling Jaya,Fuel,2023,1,505.17
Petaling Jaya,Fuel,2023,2,535.87
Petaling Jaya,Fuel,2023,3,492.88
Petaling Jaya,Fuel,2023,4,558.39
Petaling Jaya,Fuel,2024,1,462.22
Petaling Jaya,Fuel,2024,2,484.41
Petaling Jaya,Fuel,2024,3,526.26
Petaling Jaya,Fuel,2024,4,501.57
Petaling Jaya,Fuel,2025,1,475.1
Petaling Jaya,Fuel,2025,2,533.82
Petaling Jaya,Fuel,2025,3,551.03
Petaling Jaya,Fuel,2025,4,471.49
Subang Jaya,Water,2020,1,617.86
Subang Jaya,Water,2020,2,598.04
Subang Jaya,Water,2020,3,595.1
Subang Jaya,Water,2020,4,612.34
Subang Jaya,Water,2021,1,617.52
Subang Jaya,Water,2021,2,587.08
Subang Jaya,Water,2021,3,627.81
Subang Jaya,Water,2021,4,588.17
Subang Jaya,Water,2022,1,682.12
Subang Jaya,Water,2022,2,597.04
Subang Jaya,Water,2022,3,664.5
Subang Jaya,Water,2022,4,653.09
Subang Jaya,Water,2023,1,661.9
Subang Jaya,Water,2023,2,585.99
Subang Jaya,Water,2023,3,631.03
Subang Jaya,Water,2023,4,585.04
Subang Jaya,Water,2024,1,670.32
Subang Jaya,Water,2024,2,632.55
Subang Jaya,Water,2024,3,630.4
Subang Jaya,Water,2024,4,668.23
Subang Jaya,Water,2025,1,574.5
Subang Jaya,Water,2025,2,617.6
Subang Jaya,Water,2025,3,575.84
Subang Jaya,Water,2025,4,581.92
Subang Jaya,Electricity,2020,1,1438.56
Subang Jaya,Electricity,2020,2,1592.2
Subang Jaya,Electricity,2020,3,1635.61
Subang Jaya,Electricity,2020,4,1582.19
Subang Jaya,Electricity,2021,1,1417.25
Subang Jaya,Electricity,2021,2,1415.97
Subang Jaya,Electricity,2021,3,1651.62
Subang Jaya,Electricity,2021,4,1597.96
Subang Jaya,Electricity,2022,1,1445.54
Subang Jaya,Electricity,2022,2,1444.99
Subang Jaya,Electricity,2022,3,1598.11
Subang Jaya,Electricity,2022,4,1391.73
Subang Jaya,Electricity,2023,1,1576.2
Subang Jaya,Electricity,2023,2,1538.0
Subang Jaya,Electricity,2023,3,1379.65
Subang Jaya,Electricity,2023,4,1414.13
Subang Jaya,Electricity,2024,1,1527.52
Subang Jaya,Electricity,2024,2,1512.35
Subang Jaya,Electricity,2024,3,1367.42
Subang Jaya,Electricity,2024,4,1532.36
Subang Jaya,Electricity,2025,1,1654.1
Subang Jaya,Electricity,2025,2,1638.56
Subang Jaya,Electricity,2025,3,1637.45
Subang Jaya,Electricity,2025,4,1383.1
Subang Jaya,Fuel,2020,1,384.36
Subang Jaya,Fuel,2020,2,390.47
Subang Jaya,Fuel,2020,3,399.44
Subang Jaya,Fuel,2020,4,369.59
Subang Jaya,Fuel,2021,1,385.97
Subang Jaya,Fuel,2021,2,416.76
Subang Jaya,Fuel,2021,3,398.32
Subang Jaya,Fuel,2021,4,431.26
Subang Jaya,Fuel,2022,1,408.76
Subang Jaya,Fuel,2022,2,384.92
Subang Jaya,Fuel,2022,3,419.21
Subang Jaya,Fuel,2022,4,422.4
Subang Jaya,Fuel,2023,1,382.8
Subang Jaya,Fuel,2023,2,406.41
Subang Jaya,Fuel,2023,3,431.7
Subang Jaya,Fuel,2023,4,390.15
Subang Jaya,Fuel,2024,1,390.76
Subang Jaya,Fuel,2024,2,400.9
Subang Jaya,Fuel,2024,3,379.98
Subang Jaya,Fuel,2024,4,445.78
Subang Jaya,Fuel,2025,1,418.52
Subang Jaya,Fuel,2025,2,383.6
Subang Jaya,Fuel,2025,3,376.47
Subang Jaya,Fuel,2025,4,404.59
Klang,Water,2020,1,558.1
Klang,Water,2020,2,531.52
Klang,Water,2020,3,573.44
Klang,Water,2020,4,594.82
Klang,Water,2021,1,536.9
Klang,Water,2021,2,602.79
Klang,Water,2021,3,634.83
Klang,Water,2021,4,575.14
Klang,Water,2022,1,575.96
Klang,Water,2022,2,597.86
Klang,Water,2022,3,542.9
Klang,Water,2022,4,564.55
Klang,Water,2023,1,618.65
Klang,Water,2023,2,598.1
Klang,Water,2023,3,555.65
Klang,Water,2023,4,609.28
Klang,Water,2024,1,633.62
Klang,Water,2024,2,567.66
Klang,Water,2024,3,605.76
Klang,Water,2024,4,605.81
Klang,Water,2025,1,631.97
Klang,Water,2025,2,621.68
Klang,Water,2025,3,637.91
Klang,Water,2025,4,598.6
Klang,Electricity,2020,1,1295.19
Klang,Electricity,2020,2,1315.66
Klang,Electricity,2020,3,1312.39
Klang,Electricity,2020,4,1332.06
Klang,Electricity,2021,1,1229.72
Klang,Electricity,2021,2,1200.95
Klang,Electricity,2021,3,1268.34
Klang,Electricity,2021,4,1243.3
Klang,Electricity,2022,1,1230.2
Klang,Electricity,2022,2,1337.91
Klang,Electricity,2022,3,1166.95
Klang,Electricity,2022,4,1329.79
Klang,Electricity,2023,1,1270.54
Klang,Electricity,2023,2,1117.24
Klang,Electricity,2023,3,1319.28
Klang,Electricity,2023,4,1231.38
Klang,Electricity,2024,1,1308.52
Klang,Electricity,2024,2,1221.15
Klang,Electricity,2024,3,1191.22
Klang,Electricity,2024,4,1343.94
Klang,Electricity,2025,1,1339.76
Klang,Electricity,2025,2,1175.53
Klang,Electricity,2025,3,1147.4
Klang,Electricity,2025,4,1115.59
Klang,Fuel,2020,1,487.44
Klang,Fuel,2020,2,526.23
Klang,Fuel,2020,3,465.86
Klang,Fuel,2020,4,537.64
Klang,Fuel,2021,1,502.24
Klang,Fuel,2021,2,511.39
Klang,Fuel,2021,3,520.96
Klang,Fuel,2021,4,563.96
Klang,Fuel,2022,1,557.55
Klang,Fuel,2022,2,540.92
Klang,Fuel,2022,3,518.23
Klang,Fuel,2022,4,555.34
Klang,Fuel,2023,1,532.55
Klang,Fuel,2023,2,500.44
Klang,Fuel,2023,3,520.24
Klang,Fuel,2023,4,485.74
Klang,Fuel,2024,1,508.14
Klang,Fuel,2024,2,558.8
Klang,Fuel,2024,3,524.77
Klang,Fuel,2024,4,563.78
Klang,Fuel,2025,1,488.58
Klang,Fuel,2025,2,529.77
Klang,Fuel,2025,3,475.1
Klang,Fuel,2025,4,482.45
Johor Bahru,Water,2020,1,676.28
Johor Bahru,Water,2020,2,603.75
Johor Bahru,Water,2020,3,642.85
Johor Bahru,Water,2020,4,621.17
Johor Bahru,Water,2021,1,651.36
Johor Bahru,Water,2021,2,706.43
Johor Bahru,Water,2021,3,635.53
Johor Bahru,Water,2021,4,634.47
Johor Bahru,Water,2022,1,604.78
Johor Bahru,Water,2022,2,665.33
Johor Bahru,Water,2022,3,677.46
Johor Bahru,Water,2022,4,680.16
Johor Bahru,Water,2023,1,609.55
Johor Bahru,Water,2023,2,665.41
Johor Bahru,Water,2023,3,592.16
Johor Bahru,Water,2023,4,620.52
Johor Bahru,Water,2024,1,594.38
Johor Bahru,Water,2024,2,672.96
Johor Bahru,Water,2024,3,712.97
Johor Bahru,Water,2024,4,641.78
Johor Bahru,Water,2025,1,719.98
Johor Bahru,Water,2025,2,605.55
Johor Bahru,Water,2025,3,700.11
Johor Bahru,Water,2025,4,658.84
Johor Bahru,Electricity,2020,1,1241.74
Johor Bahru,Electricity,2020,2,1317.52
Johor Bahru,Electricity,2020,3,1244.5
Johor Bahru,Electricity,2020,4,1242.42
Johor Bahru,Electricity,2021,1,1365.31
Johor Bahru,Electricity,2021,2,1318.93
Johor Bahru,Electricity,2021,3,1166.86
Johor Bahru,Electricity,2021,4,1289.73
Johor Bahru,Electricity,2022,1,1134.74
Johor Bahru,Electricity,2022,2,1343.08
Johor Bahru,Electricity,2022,3,1281.76
Johor Bahru,Electricity,2022,4,1196.35
Johor Bahru,Electricity,2023,1,1294.02
Johor Bahru,Electricity,2023,2,1276.1
Johor Bahru,Electricity,2023,3,1177.11
Johor Bahru,Electricity,2023,4,1189.14
Johor Bahru,Electricity,2024,1,1141.41
Johor Bahru,Electricity,2024,2,1375.85
Johor Bahru,Electricity,2024,3,1288.54
Johor Bahru,Electricity,2024,4,1347.34
Johor Bahru,Electricity,2025,1,1128.53
Johor Bahru,Electricity,2025,2,1249.1
Johor Bahru,Electricity,2025,3,1193.34
Johor Bahru,Electricity,2025,4,1263.89
Johor Bahru,Fuel,2020,1,424.21
Johor Bahru,Fuel,2020,2,467.03
Johor Bahru,Fuel,2020,3,471.02
Johor Bahru,Fuel,2020,4,475.27
Johor Bahru,Fuel,2021,1,450.68
Johor Bahru,Fuel,2021,2,414.39
Johor Bahru,Fuel,2021,3,497.69
Johor Bahru,Fuel,2021,4,459.29
Johor Bahru,Fuel,2022,1,412.8
Johor Bahru,Fuel,2022,2,445.63
Johor Bahru,Fuel,2022,3,428.76
Johor Bahru,Fuel,2022,4,448.93
Johor Bahru,Fuel,2023,1,483.9
Johor Bahru,Fuel,2023,2,430.63
Johor Bahru,Fuel,2023,3,414.07
Johor Bahru,Fuel,2023,4,455.43
Johor Bahru,Fuel,2024,1,437.45
Johor Bahru,Fuel,2024,2,417.6
Johor Bahru,Fuel,2024,3,433.96
Johor Bahru,Fuel,2024,4,496.66
Johor Bahru,Fuel,2025,1,446.69
Johor Bahru,Fuel,2025,2,484.21
Johor Bahru,Fuel,2025,3,441.39
Johor Bahru,Fuel,2025,4,465.07
Iskandar Puteri,Water,2020,1,794.95
Iskandar Puteri,Water,2020,2,736.94
Iskandar Puteri,Water,2020,3,800.63
Iskandar Puteri,Water,2020,4,758.27
Iskandar Puteri,Water,2021,1,766.69
Iskandar Puteri,Water,2021,2,662.17
Iskandar Puteri,Water,2021,3,766.57
Iskandar Puteri,Water,2021,4,736.23
Iskandar Puteri,Water,2022,1,691.75
Iskandar Puteri,Water,2022,2,754.25
Iskandar Puteri,Water,2022,3,756.57
Iskandar Puteri,Water,2022,4,692.49
Iskandar Puteri,Water,2023,1,755.86
Iskandar Puteri,Water,2023,2,763.01
Iskandar Puteri,Water,2023,3,720.93
Iskandar Puteri,Water,2023,4,741.1
Iskandar Puteri,Water,2024,1,779.31
Iskandar Puteri,Water,2024,2,770.44
Iskandar Puteri,Water,2024,3,721.47
Iskandar Puteri,Water,2024,4,743.69
Iskandar Puteri,Water,2025,1,722.8
Iskandar Puteri,Water,2025,2,770.51
Iskandar Puteri,Water,2025,3,793.2
Iskandar Puteri,Water,2025,4,660.57
Iskandar Puteri,Electricity,2020,1,1394.75
Iskandar Puteri,Electricity,2020,2,1483.72
Iskandar Puteri,Electricity,2020,3,1511.25
Iskandar Puteri,Electricity,2020,4,1620.03
Iskandar Puteri,Electricity,2021,1,1387.89
Iskandar Puteri,Electricity,2021,2,1602.34
Iskandar Puteri,Electricity,2021,3,1357.16
Iskandar Puteri,Electricity,2021,4,1477.31
Iskandar Puteri,Electricity,2022,1,1563.78
Iskandar Puteri,Electricity,2022,2,1337.67
Iskandar Puteri,Electricity,2022,3,1598.94
Iskandar Puteri,Electricity,2022,4,1448.24
Iskandar Puteri,Electricity,2023,1,1539.14
Iskandar Puteri,Electricity,2023,2,1460.58
Iskandar Puteri,Electricity,2023,3,1556.56
Iskandar Puteri,Electricity,2023,4,1487.89
Iskandar Puteri,Electricity,2024,1,1334.52
Iskandar Puteri,Electricity,2024,2,1404.86
Iskandar Puteri,Electricity,2024,3,1442.06
Iskandar Puteri,Electricity,2024,4,1409.81
Iskandar Puteri,Electricity,2025,1,1355.6
Iskandar Puteri,Electricity,2025,2,1569.25
Iskandar Puteri,Electricity,2025,3,1477.52
Iskandar Puteri,Electricity,2025,4,1410.9
Iskandar Puteri,Fuel,2020,1,461.64
Iskandar Puteri,Fuel,2020,2,415.19
Iskandar Puteri,Fuel,2020,3,425.27
Iskandar Puteri,Fuel,2020,4,479.73
Iskandar Puteri,Fuel,2021,1,418.29
Iskandar Puteri,Fuel,2021,2,426.53
Iskandar Puteri,Fuel,2021,3,432.66
Iskandar Puteri,Fuel,2021,4,460.49
Iskandar Puteri,Fuel,2022,1,422.51
Iskandar Puteri,Fuel,2022,2,410.15
Iskandar Puteri,Fuel,2022,3,419.95
Iskandar Puteri,Fuel,2022,4,474.2
Iskandar Puteri,Fuel,2023,1,423.99
Iskandar Puteri,Fuel,2023,2,457.27
Iskandar Puteri,Fuel,2023,3,415.72
Iskandar Puteri,Fuel,2023,4,474.98
Iskandar Puteri,Fuel,2024,1,403.67
Iskandar Puteri,Fuel,2024,2,465.49
Iskandar Puteri,Fuel,2024,3,479.38
Iskandar Puteri,Fuel,2024,4,438.01
Iskandar Puteri,Fuel,2025,1,415.38
Iskandar Puteri,Fuel,2025,2,447.31
Iskandar Puteri,Fuel,2025,3,460.02
Iskandar Puteri,Fuel,2025,4,476.98
Pasir Gudang,Water,2020,1,590.67
Pasir Gudang,Water,2020,2,613.3
Pasir Gudang,Water,2020,3,604.74
Pasir Gudang,Water,2020,4,617.07
Pasir Gudang,Water,2021,1,614.12
Pasir Gudang,Water,2021,2,615.33
Pasir Gudang,Water,2021,3,637.08
Pasir Gudang,Water,2021,4,678.66
Pasir Gudang,Water,2022,1,679.16
Pasir Gudang,Water,2022,2,568.59
Pasir Gudang,Water,2022,3,608.5
Pasir Gudang,Water,2022,4,604.08
Pasir Gudang,Water,2023,1,612.66
Pasir Gudang,Water,2023,2,670.95
Pasir Gudang,Water,2023,3,597.46
Pasir Gudang,Water,2023,4,620.23
Pasir Gudang,Water,2024,1,613.83
Pasir Gudang,Water,2024,2,562.65
Pasir Gudang,Water,2024,3,660.69
Pasir Gudang,Water,2024,4,588.51
Pasir Gudang,Water,2025,1,627.22
Pasir Gudang,Water,2025,2,607.78
Pasir Gudang,Water,2025,3,649.18
Pasir Gudang,Water,2025,4,568.7
Pasir Gudang,Electricity,2020,1,1493.97
Pasir Gudang,Electricity,2020,2,1709.42
Pasir Gudang,Electricity,2020,3,1703.0
Pasir Gudang,Electricity,2020,4,1548.55
Pasir Gudang,Electricity,2021,1,1488.73
Pasir Gudang,Electricity,2021,2,1561.81
Pasir Gudang,Electricity,2021,3,1457.98
Pasir Gudang,Electricity,2021,4,1493.89
Pasir Gudang,Electricity,2022,1,1460.49
Pasir Gudang,Electricity,2022,2,1722.31
Pasir Gudang,Electricity,2022,3,1462.53
Pasir Gudang,Electricity,2022,4,1535.68
Pasir Gudang,Electricity,2023,1,1661.34
Pasir Gudang,Electricity,2023,2,1680.09
Pasir Gudang,Electricity,2023,3,1657.25
Pasir Gudang,Electricity,2023,4,1587.51
Pasir Gudang,Electricity,2024,1,1650.71
Pasir Gudang,Electricity,2024,2,1714.9
Pasir Gudang,Electricity,2024,3,1504.84
Pasir Gudang,Electricity,2024,4,1591.37
Pasir Gudang,Electricity,2025,1,1532.23
Pasir Gudang,Electricity,2025,2,1568.01
Pasir Gudang,Electricity,2025,3,1520.45
Pasir Gudang,Electricity,2025,4,1554.93
Pasir Gudang,Fuel,2020,1,534.32
Pasir Gudang,Fuel,2020,2,542.9
Pasir Gudang,Fuel,2020,3,455.88
Pasir Gudang,Fuel,2020,4,456.46
Pasir Gudang,Fuel,2021,1,515.0
Pasir Gudang,Fuel,2021,2,488.58
Pasir Gudang,Fuel,2021,3,474.41
Pasir Gudang,Fuel,2021,4,447.34
Pasir Gudang,Fuel,2022,1,505.63
Pasir Gudang,Fuel,2022,2,512.39
Pasir Gudang,Fuel,2022,3,505.55
Pasir Gudang,Fuel,2022,4,510.57
Pasir Gudang,Fuel,2023,1,481.35
Pasir Gudang,Fuel,2023,2,486.31
Pasir Gudang,Fuel,2023,3,497.82
Pasir Gudang,Fuel,2023,4,474.44
Pasir Gudang,Fuel,2024,1,536.0
Pasir Gudang,Fuel,2024,2,477.18
Pasir Gudang,Fuel,2024,3,448.9
Pasir Gudang,Fuel,2024,4,453.27
Pasir Gudang,Fuel,2025,1,513.01
Pasir Gudang,Fuel,2025,2,533.0
Pasir Gudang,Fuel,2025,3,484.01
Pasir Gudang,Fuel,2025,4,511.04
Kota Bharu,Water,2020,1,530.23
Kota Bharu,Water,2020,2,458.37
Kota Bharu,Water,2020,3,528.02
Kota Bharu,Water,2020,4,525.61
Kota Bharu,Water,2021,1,549.09
Kota Bharu,Water,2021,2,531.19
Kota Bharu,Water,2021,3,488.87
Kota Bharu,Water,2021,4,533.09
Kota Bharu,Water,2022,1,501.48
Kota Bharu,Water,2022,2,551.19
Kota Bharu,Water,2022,3,491.49
Kota Bharu,Water,2022,4,513.51
Kota Bharu,Water,2023,1,486.0
Kota Bharu,Water,2023,2,532.4
Kota Bharu,Water,2023,3,516.83
Kota Bharu,Water,2023,4,461.86
Kota Bharu,Water,2024,1,483.87
Kota Bharu,Water,2024,2,534.94
Kota Bharu,Water,2024,3,515.45
Kota Bharu,Water,2024,4,474.31
Kota Bharu,Water,2025,1,541.24
Kota Bharu,Water,2025,2,514.6
Kota Bharu,Water,2025,3,548.57
Kota Bharu,Water,2025,4,485.3
Kota Bharu,Electricity,2020,1,995.19
Kota Bharu,Electricity,2020,2,998.49
Kota Bharu,Electricity,2020,3,1123.89
Kota Bharu,Electricity,2020,4,1164.33
Kota Bharu,Electricity,2021,1,1196.89
Kota Bharu,Electricity,2021,2,1179.27
Kota Bharu,Electricity,2021,3,1160.37
Kota Bharu,Electricity,2021,4,1129.84
Kota Bharu,Electricity,2022,1,1196.51
Kota Bharu,Electricity,2022,2,1140.26
Kota Bharu,Electricity,2022,3,1040.63
Kota Bharu,Electricity,2022,4,1145.91
Kota Bharu,Electricity,2023,1,995.53
Kota Bharu,Electricity,2023,2,1198.4
Kota Bharu,Electricity,2023,3,1012.67
Kota Bharu,Electricity,2023,4,1138.55
Kota Bharu,Electricity,2024,1,1192.85
Kota Bharu,Electricity,2024,2,1063.47
Kota Bharu,Electricity,2024,3,1200.42
Kota Bharu,Electricity,2024,4,1170.04
Kota Bharu,Electricity,2025,1,1136.53
Kota Bharu,Electricity,2025,2,1042.53
Kota Bharu,Electricity,2025,3,1194.04
Kota Bharu,Electricity,2025,4,1043.93
Kota Bharu,Fuel,2020,1,317.12
Kota Bharu,Fuel,2020,2,319.54
Kota Bharu,Fuel,2020,3,350.03
Kota Bharu,Fuel,2020,4,345.35
Kota Bharu,Fuel,2021,1,362.29
Kota Bharu,Fuel,2021,2,320.68
Kota Bharu,Fuel,2021,3,353.74
Kota Bharu,Fuel,2021,4,354.03
Kota Bharu,Fuel,2022,1,364.26
Kota Bharu,Fuel,2022,2,354.89
Kota Bharu,Fuel,2022,3,359.92
Kota Bharu,Fuel,2022,4,354.33
Kota Bharu,Fuel,2023,1,366.21
Kota Bharu,Fuel,2023,2,347.08
Kota Bharu,Fuel,2023,3,330.2
Kota Bharu,Fuel,2023,4,310.62
Kota Bharu,Fuel,2024,1,338.65
Kota Bharu,Fuel,2024,2,343.03
Kota Bharu,Fuel,2024,3,309.96
Kota Bharu,Fuel,2024,4,343.38
Kota Bharu,Fuel,2025,1,375.6
Kota Bharu,Fuel,2025,2,368.38
Kota Bharu,Fuel,2025,3,336.64
Kota Bharu,Fuel,2025,4,314.53
Kuala Terengganu,Water,2020,1,564.81
Kuala Terengganu,Water,2020,2,611.82
Kuala Terengganu,Water,2020,3,575.59
Kuala Terengganu,Water,2020,4,595.35
Kuala Terengganu,Water,2021,1,531.43
Kuala Terengganu,Water,2021,2,511.0
Kuala Terengganu,Water,2021,3,574.14
Kuala Terengganu,Water,2021,4,595.79
Kuala Terengganu,Water,2022,1,510.71
Kuala Terengganu,Water,2022,2,525.29
Kuala Terengganu,Water,2022,3,582.21
Kuala Terengganu,Water,2022,4,589.98
Kuala Terengganu,Water,2023,1,612.47
Kuala Terengganu,Water,2023,2,575.8
Kuala Terengganu,Water,2023,3,601.5
Kuala Terengganu,Water,2023,4,549.5
Kuala Terengganu,Water,2024,1,519.73
Kuala Terengganu,Water,2024,2,523.24
Kuala Terengganu,Water,2024,3,550.84
Kuala Terengganu,Water,2024,4,579.0
Kuala Terengganu,Water,2025,1,593.2
Kuala Terengganu,Water,2025,2,559.72
Kuala Terengganu,Water,2025,3,527.91
Kuala Terengganu,Water,2025,4,528.54
Kuala Terengganu,Electricity,2020,1,2102.25
Kuala Terengganu,Electricity,2020,2,1830.0
Kuala Terengganu,Electricity,2020,3,1916.78
Kuala Terengganu,Electricity,2020,4,1940.58
Kuala Terengganu,Electricity,2021,1,2111.84
Kuala Terengganu,Electricity,2021,2,1833.11
Kuala Terengganu,Electricity,2021,3,1798.43
Kuala Terengganu,Electricity,2021,4,1959.7
Kuala Terengganu,Electricity,2022,1,1813.9
Kuala Terengganu,Electricity,2022,2,1954.87
Kuala Terengganu,Electricity,2022,3,1923.23
Kuala Terengganu,Electricity,2022,4,1773.66
Kuala Terengganu,Electricity,2023,1,1896.12
Kuala Terengganu,Electricity,2023,2,1779.26
Kuala Terengganu,Electricity,2023,3,1842.35
Kuala Terengganu,Electricity,2023,4,1905.36
Kuala Terengganu,Electricity,2024,1,1897.51
Kuala Terengganu,Electricity,2024,2,1794.21
Kuala Terengganu,Electricity,2024,3,2073.9
Kuala Terengganu,Electricity,2024,4,1917.41
Kuala Terengganu,Electricity,2025,1,1827.03
Kuala Terengganu,Electricity,2025,2,1998.58
Kuala Terengganu,Electricity,2025,3,1841.96
Kuala Terengganu,Electricity,2025,4,1765.53
Kuala Terengganu,Fuel,2020,1,527.84
Kuala Terengganu,Fuel,2020,2,549.22
Kuala Terengganu,Fuel,2020,3,571.17
Kuala Terengganu,Fuel,2020,4,500.5
Kuala Terengganu,Fuel,2021,1,502.14
Kuala Terengganu,Fuel,2021,2,540.02
Kuala Terengganu,Fuel,2021,3,519.05
Kuala Terengganu,Fuel,2021,4,524.25
Kuala Terengganu,Fuel,2022,1,523.33
Kuala Terengganu,Fuel,2022,2,549.44
Kuala Terengganu,Fuel,2022,3,558.46
Kuala Terengganu,Fuel,2022,4,516.23
Kuala Terengganu,Fuel,2023,1,499.57
Kuala Terengganu,Fuel,2023,2,505.0
Kuala Terengganu,Fuel,2023,3,517.1
Kuala Terengganu,Fuel,2023,4,558.68
Kuala Terengganu,Fuel,2024,1,567.21
Kuala Terengganu,Fuel,2024,2,558.24
Kuala Terengganu,Fuel,2024,3,502.55
Kuala Terengganu,Fuel,2024,4,476.67
Kuala Terengganu,Fuel,2025,1,541.49
Kuala Terengganu,Fuel,2025,2,499.38
Kuala Terengganu,Fuel,2025,3,559.86
Kuala Terengganu,Fuel,2025,4,561.15
Ipoh,Water,2020,1,706.9
Ipoh,Water,2020,2,629.1
Ipoh,Water,2020,3,668.29
Ipoh,Water,2020,4,693.74
Ipoh,Water,2021,1,616.05
Ipoh,Water,2021,2,604.54
Ipoh,Water,2021,3,637.72
Ipoh,Water,2021,4,722.61
Ipoh,Water,2022,1,647.06
Ipoh,Water,2022,2,694.5
Ipoh,Water,2022,3,625.51
Ipoh,Water,2022,4,712.96
Ipoh,Water,2023,1,638.54
Ipoh,Water,2023,2,617.29
Ipoh,Water,2023,3,719.13
Ipoh,Water,2023,4,719.72
Ipoh,Water,2024,1,605.59
Ipoh,Water,2024,2,620.85
Ipoh,Water,2024,3,627.13
Ipoh,Water,2024,4,718.67
Ipoh,Water,2025,1,629.77
Ipoh,Water,2025,2,687.01
Ipoh,Water,2025,3,682.54
Ipoh,Water,2025,4,609.87
Ipoh,Electricity,2020,1,1240.52
Ipoh,Electricity,2020,2,1075.96
Ipoh,Electricity,2020,3,1254.94
Ipoh,Electricity,2020,4,1080.95
Ipoh,Electricity,2021,1,1242.85
Ipoh,Electricity,2021,2,1061.51
Ipoh,Electricity,2021,3,1263.45
Ipoh,Electricity,2021,4,1178.35
Ipoh,Electricity,2022,1,1138.58
Ipoh,Electricity,2022,2,1277.04
Ipoh,Electricity,2022,3,1227.69
Ipoh,Electricity,2022,4,1234.56
Ipoh,Electricity,2023,1,1085.32
Ipoh,Electricity,2023,2,1168.05
Ipoh,Electricity,2023,3,1081.85
Ipoh,Electricity,2023,4,1227.72
Ipoh,Electricity,2024,1,1116.72
Ipoh,Electricity,2024,2,1068.33
Ipoh,Electricity,2024,3,1145.29
Ipoh,Electricity,2024,4,1188.68
Ipoh,Electricity,2025,1,1209.29
Ipoh,Electricity,2025,2,1087.73
Ipoh,Electricity,2025,3,1265.88
Ipoh,Electricity,2025,4,1086.9
Ipoh,Fuel,2020,1,506.33
Ipoh,Fuel,2020,2,425.27
Ipoh,Fuel,2020,3,455.34
Ipoh,Fuel,2020,4,493.94
Ipoh,Fuel,2021,1,445.86
Ipoh,Fuel,2021,2,471.16
Ipoh,Fuel,2021,3,486.93
Ipoh,Fuel,2021,4,431.1
Ipoh,Fuel,2022,1,497.82
Ipoh,Fuel,2022,2,465.73
Ipoh,Fuel,2022,3,445.16
Ipoh,Fuel,2022,4,467.9
Ipoh,Fuel,2023,1,437.72
Ipoh,Fuel,2023,2,440.72
Ipoh,Fuel,2023,3,450.74
Ipoh,Fuel,2023,4,481.01
Ipoh,Fuel,2024,1,484.2
Ipoh,Fuel,2024,2,473.57
Ipoh,Fuel,2024,3,485.09
Ipoh,Fuel,2024,4,458.94
Ipoh,Fuel,2025,1,499.9
Ipoh,Fuel,2025,2,516.88
Ipoh,Fuel,2025,3,455.8
Ipoh,Fuel,2025,4,483.91
George Town,Water,2020,1,795.19
George Town,Water,2020,2,727.5
George Town,Water,2020,3,669.32
George Town,Water,2020,4,751.88
George Town,Water,2021,1,735.91
George Town,Water,2021,2,731.82
George Town,Water,2021,3,675.95
George Town,Water,2021,4,753.7
George Town,Water,2022,1,694.15
George Town,Water,2022,2,668.84
George Town,Water,2022,3,747.45
George Town,Water,2022,4,708.0
George Town,Water,2023,1,679.67
George Town,Water,2023,2,681.7
George Town,Water,2023,3,682.55
George Town,Water,2023,4,755.25
George Town,Water,2024,1,710.07
George Town,Water,2024,2,791.62
George Town,Water,2024,3,773.33
George Town,Water,2024,4,713.94
George Town,Water,2025,1,735.4
George Town,Water,2025,2,710.34
George Town,Water,2025,3,716.01
George Town,Water,2025,4,741.96
George Town,Electricity,2020,1,1339.69
George Town,Electricity,2020,2,1315.12
George Town,Electricity,2020,3,1164.61
George Town,Electricity,2020,4,1255.27
George Town,Electricity,2021,1,1148.57
George Town,Electricity,2021,2,1218.93
George Town,Electricity,2021,3,1321.51
George Town,Electricity,2021,4,1243.2
George Town,Electricity,2022,1,1301.72
George Town,Electricity,2022,2,1116.6
George Town,Electricity,2022,3,1349.71
George Town,Electricity,2022,4,1260.84
George Town,Electricity,2023,1,1153.24
George Town,Electricity,2023,2,1332.93
George Town,Electricity,2023,3,1189.24
George Town,Electricity,2023,4,1256.53
George Town,Electricity,2024,1,1137.49
George Town,Electricity,2024,2,1163.64
George Town,Electricity,2024,3,1196.34
George Town,Electricity,2024,4,1180.47
George Town,Electricity,2025,1,1244.75
George Town,Electricity,2025,2,1300.27
George Town,Electricity,2025,3,1298.56
George Town,Electricity,2025,4,1115.53
George Town,Fuel,2020,1,334.57
George Town,Fuel,2020,2,308.04
George Town,Fuel,2020,3,343.91
George Town,Fuel,2020,4,372.1
George Town,Fuel,2021,1,331.81
George Town,Fuel,2021,2,329.62
George Town,Fuel,2021,3,335.32
George Town,Fuel,2021,4,356.68
George Town,Fuel,2022,1,320.31
George Town,Fuel,2022,2,361.18
George Town,Fuel,2022,3,334.16
George Town,Fuel,2022,4,367.6
George Town,Fuel,2023,1,325.65
George Town,Fuel,2023,2,372.92
George Town,Fuel,2023,3,308.72
George Town,Fuel,2023,4,363.77
George Town,Fuel,2024,1,314.08
George Town,Fuel,2024,2,367.26
George Town,Fuel,2024,3,351.18
George Town,Fuel,2024,4,325.02
George Town,Fuel,2025,1,370.92
George Town,Fuel,2025,2,335.68
George Town,Fuel,2025,3,308.54
George Town,Fuel,2025,4,325.16
Alor Setar,Water,2020,1,670.99
Alor Setar,Water,2020,2,596.68
Alor Setar,Water,2020,3,669.87
Alor Setar,Water,2020,4,606.73
Alor Setar,Water,2021,1,655.19
Alor Setar,Water,2021,2,620.1
Alor Setar,Water,2021,3,597.15
Alor Setar,Water,2021,4,653.66
Alor Setar,Water,2022,1,684.4
Alor Setar,Water,2022,2,656.15
Alor Setar,Water,2022,3,697.26
Alor Setar,Water,2022,4,690.39
Alor Setar,Water,2023,1,658.18
Alor Setar,Water,2023,2,640.14
Alor Setar,Water,2023,3,693.63
Alor Setar,Water,2023,4,595.16
Alor Setar,Water,2024,1,706.82
Alor Setar,Water,2024,2,601.42
Alor Setar,Water,2024,3,615.03
Alor Setar,Water,2024,4,670.01
Alor Setar,Water,2025,1,633.58
Alor Setar,Water,2025,2,636.19
Alor Setar,Water,2025,3,610.93
Alor Setar,Water,2025,4,639.3
Alor Setar,Electricity,2020,1,1655.9
Alor Setar,Electricity,2020,2,1748.73
Alor Setar,Electricity,2020,3,1666.66
Alor Setar,Electricity,2020,4,1565.09
Alor Setar,Electricity,2021,1,1639.87
Alor Setar,Electricity,2021,2,1544.62
Alor Setar,Electricity,2021,3,1723.01
Alor Setar,Electricity,2021,4,1678.45
Alor Setar,Electricity,2022,1,1580.21
Alor Setar,Electricity,2022,2,1714.48
Alor Setar,Electricity,2022,3,1708.8
Alor Setar,Electricity,2022,4,1723.64
Alor Setar,Electricity,2023,1,1645.91
Alor Setar,Electricity,2023,2,1618.26
Alor Setar,Electricity,2023,3,1742.03
Alor Setar,Electricity,2023,4,1670.64
Alor Setar,Electricity,2024,1,1508.37
Alor Setar,Electricity,2024,2,1672.37
Alor Setar,Electricity,2024,3,1655.87
Alor Setar,Electricity,2024,4,1775.09
Alor Setar,Electricity,2025,1,1524.36
Alor Setar,Electricity,2025,2,1610.53
Alor Setar,Electricity,2025,3,1724.69
Alor Setar,Electricity,2025,4,1461.23
Alor Setar,Fuel,2020,1,292.75
Alor Setar,Fuel,2020,2,328.84
Alor Setar,Fuel,2020,3,276.3
Alor Setar,Fuel,2020,4,310.1
Alor Setar,Fuel,2021,1,298.25
Alor Setar,Fuel,2021,2,310.9
Alor Setar,Fuel,2021,3,278.0
Alor Setar,Fuel,2021,4,300.47
Alor Setar,Fuel,2022,1,330.17
Alor Setar,Fuel,2022,2,331.33
Alor Setar,Fuel,2022,3,315.84
Alor Setar,Fuel,2022,4,284.92
Alor Setar,Fuel,2023,1,287.84
Alor Setar,Fuel,2023,2,296.25
Alor Setar,Fuel,2023,3,333.46
Alor Setar,Fuel,2023,4,283.24
Alor Setar,Fuel,2024,1,291.22
Alor Setar,Fuel,2024,2,300.65
Alor Setar,Fuel,2024,3,306.83
Alor Setar,Fuel,2024,4,283.88
Alor Setar,Fuel,2025,1,295.07
Alor Setar,Fuel,2025,2,279.97
Alor Setar,Fuel,2025,3,304.07
Alor Setar,Fuel,2025,4,276.44
Kangar,Water,2020,1,765.9
Kangar,Water,2020,2,813.59
Kangar,Water,2020,3,771.02
Kangar,Water,2020,4,723.51
Kangar,Water,2021,1,839.0
Kangar,Water,2021,2,849.95
Kangar,Water,2021,3,764.21
Kangar,Water,2021,4,805.94
Kangar,Water,2022,1,829.89
Kangar,Water,2022,2,739.15
Kangar,Water,2022,3,847.72
Kangar,Water,2022,4,825.22
Kangar,Water,2023,1,777.22
Kangar,Water,2023,2,746.06
Kangar,Water,2023,3,777.26
Kangar,Water,2023,4,828.71
Kangar,Water,2024,1,846.85
Kangar,Water,2024,2,836.21
Kangar,Water,2024,3,749.08
Kangar,Water,2024,4,726.0
Kangar,Water,2025,1,817.83
Kangar,Water,2025,2,838.3
Kangar,Water,2025,3,745.45
Kangar,Water,2025,4,843.97
Kangar,Electricity,2020,1,1729.69
Kangar,Electricity,2020,2,1588.92
Kangar,Electricity,2020,3,1661.11
Kangar,Electricity,2020,4,1876.25
Kangar,Electricity,2021,1,1761.13
Kangar,Electricity,2021,2,1661.58
Kangar,Electricity,2021,3,1806.12
Kangar,Electricity,2021,4,1654.7
Kangar,Electricity,2022,1,1802.3
Kangar,Electricity,2022,2,1911.9
Kangar,Electricity,2022,3,1615.82
Kangar,Electricity,2022,4,1702.9
Kangar,Electricity,2023,1,1630.33
Kangar,Electricity,2023,2,1787.69
Kangar,Electricity,2023,3,1767.01
Kangar,Electricity,2023,4,1613.54
Kangar,Electricity,2024,1,1883.56
Kangar,Electricity,2024,2,1612.97
Kangar,Electricity,2024,3,1639.33
Kangar,Electricity,2024,4,1617.27
Kangar,Electricity,2025,1,1735.37
Kangar,Electricity,2025,2,1621.98
Kangar,Electricity,2025,3,1655.68
Kangar,Electricity,2025,4,1784.15
Kangar,Fuel,2020,1,433.92
Kangar,Fuel,2020,2,411.1
Kangar,Fuel,2020,3,428.43
Kangar,Fuel,2020,4,427.46
Kangar,Fuel,2021,1,419.41
Kangar,Fuel,2021,2,442.41
Kangar,Fuel,2021,3,374.56
Kangar,Fuel,2021,4,376.85
Kangar,Fuel,2022,1,385.38
Kangar,Fuel,2022,2,430.43
Kangar,Fuel,2022,3,373.84
Kangar,Fuel,2022,4,378.43
Kangar,Fuel,2023,1,430.41
Kangar,Fuel,2023,2,396.77
Kangar,Fuel,2023,3,408.77
Kangar,Fuel,2023,4,431.64
Kangar,Fuel,2024,1,368.44
Kangar,Fuel,2024,2,380.57
Kangar,Fuel,2024,3,419.58
Kangar,Fuel,2024,4,379.78
Kangar,Fuel,2025,1,418.5
Kangar,Fuel,2025,2,368.31
Kangar,Fuel,2025,3,435.97
Kangar,Fuel,2025,4,424.35
Seremban,Water,2020,1,532.38
Seremban,Water,2020,2,500.57
Seremban,Water,2020,3,473.87
Seremban,Water,2020,4,549.87
Seremban,Water,2021,1,489.62
Seremban,Water,2021,2,496.16
Seremban,Water,2021,3,558.41
Seremban,Water,2021,4,556.5
Seremban,Water,2022,1,523.83
Seremban,Water,2022,2,566.14
Seremban,Water,2022,3,551.44
Seremban,Water,2022,4,509.81
Seremban,Water,2023,1,543.73
Seremban,Water,2023,2,493.9
Seremban,Water,2023,3,508.66
Seremban,Water,2023,4,519.91
Seremban,Water,2024,1,572.48
Seremban,Water,2024,2,537.49
Seremban,Water,2024,3,496.58
Seremban,Water,2024,4,539.5
Seremban,Water,2025,1,560.75
Seremban,Water,2025,2,517.17
Seremban,Water,2025,3,535.01
Seremban,Water,2025,4,544.1
Seremban,Electricity,2020,1,2135.3
Seremban,Electricity,2020,2,2118.57
Seremban,Electricity,2020,3,2142.72
Seremban,Electricity,2020,4,2143.11
Seremban,Electricity,2021,1,1897.56
Seremban,Electricity,2021,2,1867.86
Seremban,Electricity,2021,3,1862.2
Seremban,Electricity,2021,4,1899.98
Seremban,Electricity,2022,1,1993.96
Seremban,Electricity,2022,2,1829.38
Seremban,Electricity,2022,3,1784.96
Seremban,Electricity,2022,4,1894.65
Seremban,Electricity,2023,1,1971.08
Seremban,Electricity,2023,2,1780.65
Seremban,Electricity,2023,3,1927.59
Seremban,Electricity,2023,4,2117.52
Seremban,Electricity,2024,1,1773.26
Seremban,Electricity,2024,2,1922.07
Seremban,Electricity,2024,3,1987.43
Seremban,Electricity,2024,4,2005.41
Seremban,Electricity,2025,1,1900.78
Seremban,Electricity,2025,2,2088.5
Seremban,Electricity,2025,3,1874.23
Seremban,Electricity,2025,4,2027.19
Seremban,Fuel,2020,1,402.47
Seremban,Fuel,2020,2,349.88
Seremban,Fuel,2020,3,335.36
Seremban,Fuel,2020,4,333.18
Seremban,Fuel,2021,1,355.73
Seremban,Fuel,2021,2,376.99
Seremban,Fuel,2021,3,372.84
Seremban,Fuel,2021,4,386.67
Seremban,Fuel,2022,1,353.36
Seremban,Fuel,2022,2,341.57
Seremban,Fuel,2022,3,358.63
Seremban,Fuel,2022,4,384.06
Seremban,Fuel,2023,1,394.68
Seremban,Fuel,2023,2,338.72
Seremban,Fuel,2023,3,352.17
Seremban,Fuel,2023,4,335.93
Seremban,Fuel,2024,1,368.03
Seremban,Fuel,2024,2,381.84
Seremban,Fuel,2024,3,337.56
Seremban,Fuel,2024,4,334.72
Seremban,Fuel,2025,1,342.43
Seremban,Fuel,2025,2,355.8
Seremban,Fuel,2025,3,367.26
Seremban,Fuel,2025,4,392.44
Melaka City,Water,2020,1,783.9
Melaka City,Water,2020,2,798.28
Melaka City,Water,2020,3,912.37
Melaka City,Water,2020,4,813.99
Melaka City,Water,2021,1,851.09
Melaka City,Water,2021,2,782.06
Melaka City,Water,2021,3,846.38
Melaka City,Water,2021,4,816.68
Melaka City,Water,2022,1,857.28
Melaka City,Water,2022,2,862.23
Melaka City,Water,2022,3,763.93
Melaka City,Water,2022,4,863.82
Melaka City,Water,2023,1,827.62
Melaka City,Water,2023,2,838.37
Melaka City,Water,2023,3,892.0
Melaka City,Water,2023,4,831.19
Melaka City,Water,2024,1,867.68
Melaka City,Water,2024,2,884.72
Melaka City,Water,2024,3,771.78
Melaka City,Water,2024,4,824.72
Melaka City,Water,2025,1,893.37
Melaka City,Water,2025,2,856.31
Melaka City,Water,2025,3,767.61
Melaka City,Water,2025,4,836.27
Melaka City,Electricity,2020,1,1389.18
Melaka City,Electricity,2020,2,1430.74
Melaka City,Electricity,2020,3,1569.24
Melaka City,Electricity,2020,4,1512.32
Melaka City,Electricity,2021,1,1505.7
Melaka City,Electricity,2021,2,1353.25
Melaka City,Electricity,2021,3,1419.3
Melaka City,Electricity,2021,4,1444.29
Melaka City,Electricity,2022,1,1526.02
Melaka City,Electricity,2022,2,1621.26
Melaka City,Electricity,2022,3,1528.13
Melaka City,Electricity,2022,4,1534.14
Melaka City,Electricity,2023,1,1614.36
Melaka City,Electricity,2023,2,1519.58
Melaka City,Electricity,2023,3,1428.84
Melaka City,Electricity,2023,4,1562.01
Melaka City,Electricity,2024,1,1618.31
Melaka City,Electricity,2024,2,1409.38
Melaka City,Electricity,2024,3,1551.11
Melaka City,Electricity,2024,4,1375.73
Melaka City,Electricity,2025,1,1413.56
Melaka City,Electricity,2025,2,1357.35
Melaka City,Electricity,2025,3,1481.14
Melaka City,Electricity,2025,4,1506.49
Melaka City,Fuel,2020,1,391.75
Melaka City,Fuel,2020,2,422.02
Melaka City,Fuel,2020,3,451.16
Melaka City,Fuel,2020,4,417.28
Melaka City,Fuel,2021,1,462.76
Melaka City,Fuel,2021,2,444.51
Melaka City,Fuel,2021,3,450.02
Melaka City,Fuel,2021,4,424.31
Melaka City,Fuel,2022,1,430.94
Melaka City,Fuel,2022,2,455.54
Melaka City,Fuel,2022,3,429.49
Melaka City,Fuel,2022,4,388.69
Melaka City,Fuel,2023,1,409.23
Melaka City,Fuel,2023,2,436.61
Melaka City,Fuel,2023,3,403.52
Melaka City,Fuel,2023,4,431.3
Melaka City,Fuel,2024,1,396.59
Melaka City,Fuel,2024,2,458.7
Melaka City,Fuel,2024,3,441.75
Melaka City,Fuel,2024,4,434.51
Melaka City,Fuel,2025,1,449.17
Melaka City,Fuel,2025,2,399.11
Melaka City,Fuel,2025,3,396.07
Melaka City,Fuel,2025,4,384.12
Kuantan,Water,2020,1,611.09
Kuantan,Water,2020,2,583.4
Kuantan,Water,2020,3,524.82
Kuantan,Water,2020,4,561.11
Kuantan,Water,2021,1,616.05
Kuantan,Water,2021,2,577.93
Kuantan,Water,2021,3,553.2
Kuantan,Water,2021,4,566.83
Kuantan,Water,2022,1,587.13
Kuantan,Water,2022,2,540.64
Kuantan,Water,2022,3,573.53
Kuantan,Water,2022,4,599.37
Kuantan,Water,2023,1,604.06
Kuantan,Water,2023,2,513.86
Kuantan,Water,2023,3,524.09
Kuantan,Water,2023,4,540.21
Kuantan,Water,2024,1,515.55
Kuantan,Water,2024,2,620.76
Kuantan,Water,2024,3,519.06
Kuantan,Water,2024,4,563.01
Kuantan,Water,2025,1,582.14
Kuantan,Water,2025,2,622.57
Kuantan,Water,2025,3,518.87
Kuantan,Water,2025,4,546.2
Kuantan,Electricity,2020,1,1394.58
Kuantan,Electricity,2020,2,1213.12
Kuantan,Electricity,2020,3,1238.69
Kuantan,Electricity,2020,4,1278.89
Kuantan,Electricity,2021,1,1277.21
Kuantan,Electricity,2021,2,1219.16
Kuantan,Electricity,2021,3,1270.3
Kuantan,Electricity,2021,4,1361.69
Kuantan,Electricity,2022,1,1230.02
Kuantan,Electricity,2022,2,1392.58
Kuantan,Electricity,2022,3,1314.71
Kuantan,Electricity,2022,4,1316.02
Kuantan,Electricity,2023,1,1313.02
Kuantan,Electricity,2023,2,1304.77
Kuantan,Electricity,2023,3,1367.58
Kuantan,Electricity,2023,4,1299.07
Kuantan,Electricity,2024,1,1155.02
Kuantan,Electricity,2024,2,1231.35
Kuantan,Electricity,2024,3,1286.85
Kuantan,Electricity,2024,4,1327.1
Kuantan,Electricity,2025,1,1193.18
Kuantan,Electricity,2025,2,1155.06
Kuantan,Electricity,2025,3,1369.61
Kuantan,Electricity,2025,4,1251.45
Kuantan,Fuel,2020,1,536.82
Kuantan,Fuel,2020,2,520.78
Kuantan,Fuel,2020,3,494.88
Kuantan,Fuel,2020,4,529.48
Kuantan,Fuel,2021,1,502.41
Kuantan,Fuel,2021,2,468.64
Kuantan,Fuel,2021,3,469.07
Kuantan,Fuel,2021,4,482.77
Kuantan,Fuel,2022,1,520.88
Kuantan,Fuel,2022,2,550.95
Kuantan,Fuel,2022,3,460.28
Kuantan,Fuel,2022,4,455.46
Kuantan,Fuel,2023,1,548.94
Kuantan,Fuel,2023,2,529.14
Kuantan,Fuel,2023,3,471.02
Kuantan,Fuel,2023,4,540.45
Kuantan,Fuel,2024,1,460.07
Kuantan,Fuel,2024,2,515.23
Kuantan,Fuel,2024,3,510.34
Kuantan,Fuel,2024,4,534.53
Kuantan,Fuel,2025,1,546.23
Kuantan,Fuel,2025,2,467.03
Kuantan,Fuel,2025,3,539.32
Kuantan,Fuel,2025,4,504.95
Kota Kinabalu,Water,2020,1,512.69
Kota Kinabalu,Water,2020,2,493.05
Kota Kinabalu,Water,2020,3,491.7
Kota Kinabalu,Water,2020,4,493.54
Kota Kinabalu,Water,2021,1,481.98
Kota Kinabalu,Water,2021,2,466.63
Kota Kinabalu,Water,2021,3,524.63
Kota Kinabalu,Water,2021,4,470.56
Kota Kinabalu,Water,2022,1,491.46
Kota Kinabalu,Water,2022,2,541.8
Kota Kinabalu,Water,2022,3,493.2
Kota Kinabalu,Water,2022,4,499.7
Kota Kinabalu,Water,2023,1,496.7
Kota Kinabalu,Water,2023,2,537.83
Kota Kinabalu,Water,2023,3,486.64
Kota Kinabalu,Water,2023,4,485.76
Kota Kinabalu,Water,2024,1,498.97
Kota Kinabalu,Water,2024,2,532.84
Kota Kinabalu,Water,2024,3,509.96
Kota Kinabalu,Water,2024,4,535.34
Kota Kinabalu,Water,2025,1,508.11
Kota Kinabalu,Water,2025,2,555.1
Kota Kinabalu,Water,2025,3,511.4
Kota Kinabalu,Water,2025,4,531.08
Kota Kinabalu,Electricity,2020,1,1511.27
Kota Kinabalu,Electricity,2020,2,1621.57
Kota Kinabalu,Electricity,2020,3,1586.94
Kota Kinabalu,Electricity,2020,4,1503.72
Kota Kinabalu,Electricity,2021,1,1509.4
Kota Kinabalu,Electricity,2021,2,1556.28
Kota Kinabalu,Electricity,2021,3,1730.16
Kota Kinabalu,Electricity,2021,4,1564.09
Kota Kinabalu,Electricity,2022,1,1724.44
Kota Kinabalu,Electricity,2022,2,1530.24
Kota Kinabalu,Electricity,2022,3,1685.8
Kota Kinabalu,Electricity,2022,4,1761.13
Kota Kinabalu,Electricity,2023,1,1579.49
Kota Kinabalu,Electricity,2023,2,1613.41
Kota Kinabalu,Electricity,2023,3,1518.21
Kota Kinabalu,Electricity,2023,4,1760.78
Kota Kinabalu,Electricity,2024,1,1466.1
Kota Kinabalu,Electricity,2024,2,1664.93
Kota Kinabalu,Electricity,2024,3,1551.78
Kota Kinabalu,Electricity,2024,4,1559.32
Kota Kinabalu,Electricity,2025,1,1550.63
Kota Kinabalu,Electricity,2025,2,1482.76
Kota Kinabalu,Electricity,2025,3,1478.9
Kota Kinabalu,Electricity,2025,4,1706.86
Kota Kinabalu,Fuel,2020,1,545.8
Kota Kinabalu,Fuel,2020,2,508.85
Kota Kinabalu,Fuel,2020,3,530.33
Kota Kinabalu,Fuel,2020,4,610.26
Kota Kinabalu,Fuel,2021,1,593.23
Kota Kinabalu,Fuel,2021,2,605.7
Kota Kinabalu,Fuel,2021,3,529.09
Kota Kinabalu,Fuel,2021,4,595.93
Kota Kinabalu,Fuel,2022,1,524.75
Kota Kinabalu,Fuel,2022,2,610.15
Kota Kinabalu,Fuel,2022,3,603.42
Kota Kinabalu,Fuel,2022,4,562.47
Kota Kinabalu,Fuel,2023,1,519.95
Kota Kinabalu,Fuel,2023,2,577.24
Kota Kinabalu,Fuel,2023,3,563.15
Kota Kinabalu,Fuel,2023,4,619.89
Kota Kinabalu,Fuel,2024,1,621.07
Kota Kinabalu,Fuel,2024,2,552.49
Kota Kinabalu,Fuel,2024,3,551.03
Kota Kinabalu,Fuel,2024,4,561.13
Kota Kinabalu,Fuel,2025,1,618.23
Kota Kinabalu,Fuel,2025,2,529.47
Kota Kinabalu,Fuel,2025,3,525.0
Kota Kinabalu,Fuel,2025,4,620.1
Sandakan,Water,2020,1,601.74
Sandakan,Water,2020,2,615.44
Sandakan,Water,2020,3,615.94
Sandakan,Water,2020,4,521.29
Sandakan,Water,2021,1,565.17
Sandakan,Water,2021,2,532.56
Sandakan,Water,2021,3,524.15
Sandakan,Water,2021,4,528.3
Sandakan,Water,2022,1,557.25
Sandakan,Water,2022,2,607.23
Sandakan,Water,2022,3,568.09
Sandakan,Water,2022,4,515.24
Sandakan,Water,2023,1,524.2
Sandakan,Water,2023,2,530.91
Sandakan,Water,2023,3,546.45
Sandakan,Water,2023,4,603.68
Sandakan,Water,2024,1,622.63
Sandakan,Water,2024,2,530.76
Sandakan,Water,2024,3,577.32
Sandakan,Water,2024,4,600.95
Sandakan,Water,2025,1,607.73
Sandakan,Water,2025,2,577.88
Sandakan,Water,2025,3,578.37
Sandakan,Water,2025,4,556.57
Sandakan,Electricity,2020,1,1607.58
Sandakan,Electricity,2020,2,1674.68
Sandakan,Electricity,2020,3,1905.64
Sandakan,Electricity,2020,4,1608.98
Sandakan,Electricity,2021,1,1754.16
Sandakan,Electricity,2021,2,1666.56
Sandakan,Electricity,2021,3,1894.81
Sandakan,Electricity,2021,4,1716.48
Sandakan,Electricity,2022,1,1698.16
Sandakan,Electricity,2022,2,1658.59
Sandakan,Electricity,2022,3,1654.12
Sandakan,Electricity,2022,4,1657.88
Sandakan,Electricity,2023,1,1767.55
Sandakan,Electricity,2023,2,1761.14
Sandakan,Electricity,2023,3,1616.28
Sandakan,Electricity,2023,4,1721.04
Sandakan,Electricity,2024,1,1699.69
Sandakan,Electricity,2024,2,1890.45
Sandakan,Electricity,2024,3,1716.14
Sandakan,Electricity,2024,4,1727.38
Sandakan,Electricity,2025,1,1914.31
Sandakan,Electricity,2025,2,1760.66
Sandakan,Electricity,2025,3,1758.32
Sandakan,Electricity,2025,4,1714.65
Sandakan,Fuel,2020,1,489.83
Sandakan,Fuel,2020,2,447.51
Sandakan,Fuel,2020,3,438.07
Sandakan,Fuel,2020,4,472.85
Sandakan,Fuel,2021,1,493.52
Sandakan,Fuel,2021,2,456.68
Sandakan,Fuel,2021,3,478.02
Sandakan,Fuel,2021,4,464.99
Sandakan,Fuel,2022,1,476.16
Sandakan,Fuel,2022,2,408.81
Sandakan,Fuel,2022,3,461.88
Sandakan,Fuel,2022,4,419.23
Sandakan,Fuel,2023,1,418.63
Sandakan,Fuel,2023,2,491.61
Sandakan,Fuel,2023,3,424.19
Sandakan,Fuel,2023,4,424.81
Sandakan,Fuel,2024,1,457.96
Sandakan,Fuel,2024,2,441.93
Sandakan,Fuel,2024,3,441.54
Sandakan,Fuel,2024,4,415.13
Sandakan,Fuel,2025,1,445.2
Sandakan,Fuel,2025,2,464.23
Sandakan,Fuel,2025,3,445.41
Sandakan,Fuel,2025,4,492.84
Tawau,Water,2020,1,820.57
Tawau,Water,2020,2,834.5
Tawau,Water,2020,3,813.8
Tawau,Water,2020,4,852.51
Tawau,Water,2021,1,909.62
Tawau,Water,2021,2,795.18
Tawau,Water,2021,3,937.6
Tawau,Water,2021,4,906.8
Tawau,Water,2022,1,827.49
Tawau,Water,2022,2,922.66
Tawau,Water,2022,3,887.61
Tawau,Water,2022,4,837.21
Tawau,Water,2023,1,781.54
Tawau,Water,2023,2,870.8
Tawau,Water,2023,3,844.04
Tawau,Water,2023,4,818.17
Tawau,Water,2024,1,795.43
Tawau,Water,2024,2,829.01
Tawau,Water,2024,3,917.6
Tawau,Water,2024,4,787.27
Tawau,Water,2025,1,927.22
Tawau,Water,2025,2,917.35
Tawau,Water,2025,3,779.99
Tawau,Water,2025,4,791.3
Tawau,Electricity,2020,1,1477.85
Tawau,Electricity,2020,2,1555.09
Tawau,Electricity,2020,3,1370.19
Tawau,Electricity,2020,4,1535.36
Tawau,Electricity,2021,1,1524.28
Tawau,Electricity,2021,2,1360.02
Tawau,Electricity,2021,3,1432.51
Tawau,Electricity,2021,4,1560.64
Tawau,Electricity,2022,1,1501.06
Tawau,Electricity,2022,2,1315.12
Tawau,Electricity,2022,3,1478.97
Tawau,Electricity,2022,4,1481.78
Tawau,Electricity,2023,1,1540.28
Tawau,Electricity,2023,2,1365.24
Tawau,Electricity,2023,3,1481.12
Tawau,Electricity,2023,4,1415.31
Tawau,Electricity,2024,1,1396.44
Tawau,Electricity,2024,2,1324.76
Tawau,Electricity,2024,3,1484.04
Tawau,Electricity,2024,4,1529.72
Tawau,Electricity,2025,1,1548.44
Tawau,Electricity,2025,2,1531.17
Tawau,Electricity,2025,3,1379.82
Tawau,Electricity,2025,4,1349.34
Tawau,Fuel,2020,1,346.48
Tawau,Fuel,2020,2,363.17
Tawau,Fuel,2020,3,348.04
Tawau,Fuel,2020,4,319.7
Tawau,Fuel,2021,1,358.53
Tawau,Fuel,2021,2,335.56
Tawau,Fuel,2021,3,318.74
Tawau,Fuel,2021,4,322.81
Tawau,Fuel,2022,1,317.34
Tawau,Fuel,2022,2,316.47
Tawau,Fuel,2022,3,312.95
Tawau,Fuel,2022,4,342.47
Tawau,Fuel,2023,1,363.49
Tawau,Fuel,2023,2,361.9
Tawau,Fuel,2023,3,331.65
Tawau,Fuel,2023,4,342.61
Tawau,Fuel,2024,1,340.49
Tawau,Fuel,2024,2,312.71
Tawau,Fuel,2024,3,330.58
Tawau,Fuel,2024,4,359.3
Tawau,Fuel,2025,1,320.58
Tawau,Fuel,2025,2,310.49
Tawau,Fuel,2025,3,334.01
Tawau,Fuel,2025,4,325.2
Kuching,Water,2020,1,742.66
Kuching,Water,2020,2,702.7
Kuching,Water,2020,3,671.13
Kuching,Water,2020,4,760.84
Kuching,Water,2021,1,715.53
Kuching,Water,2021,2,682.09
Kuching,Water,2021,3,698.8
Kuching,Water,2021,4,668.74
Kuching,Water,2022,1,666.02
Kuching,Water,2022,2,768.75
Kuching,Water,2022,3,660.93
Kuching,Water,2022,4,720.6
Kuching,Water,2023,1,703.15
Kuching,Water,2023,2,632.11
Kuching,Water,2023,3,702.0
Kuching,Water,2023,4,713.09
Kuching,Water,2024,1,692.68
Kuching,Water,2024,2,758.32
Kuching,Water,2024,3,701.46
Kuching,Water,2024,4,630.61
Kuching,Water,2025,1,629.42
Kuching,Water,2025,2,684.84
Kuching,Water,2025,3,723.63
Kuching,Water,2025,4,663.93
Kuching,Electricity,2020,1,1835.28
Kuching,Electricity,2020,2,1650.31
Kuching,Electricity,2020,3,1702.28
Kuching,Electricity,2020,4,1883.43
Kuching,Electricity,2021,1,1954.21
Kuching,Electricity,2021,2,1788.63
Kuching,Electricity,2021,3,1726.29
Kuching,Electricity,2021,4,1855.97
Kuching,Electricity,2022,1,1849.56
Kuching,Electricity,2022,2,1782.05
Kuching,Electricity,2022,3,1993.08
Kuching,Electricity,2022,4,1927.63
Kuching,Electricity,2023,1,1648.89
Kuching,Electricity,2023,2,1919.55
Kuching,Electricity,2023,3,1835.65
Kuching,Electricity,2023,4,1927.19
Kuching,Electricity,2024,1,1942.03
Kuching,Electricity,2024,2,1859.59
Kuching,Electricity,2024,3,1817.69
Kuching,Electricity,2024,4,1783.71
Kuching,Electricity,2025,1,1852.92
Kuching,Electricity,2025,2,1921.88
Kuching,Electricity,2025,3,1765.33
Kuching,Electricity,2025,4,1814.52
Kuching,Fuel,2020,1,363.38
Kuching,Fuel,2020,2,402.43
Kuching,Fuel,2020,3,382.79
Kuching,Fuel,2020,4,376.4
Kuching,Fuel,2021,1,374.55
Kuching,Fuel,2021,2,390.47
Kuching,Fuel,2021,3,411.91
Kuching,Fuel,2021,4,399.99
Kuching,Fuel,2022,1,409.48
Kuching,Fuel,2022,2,400.07
Kuching,Fuel,2022,3,405.88
Kuching,Fuel,2022,4,398.94
Kuching,Fuel,2023,1,405.35
Kuching,Fuel,2023,2,385.48
Kuching,Fuel,2023,3,348.09
Kuching,Fuel,2023,4,366.9
Kuching,Fuel,2024,1,411.31
Kuching,Fuel,2024,2,376.8
Kuching,Fuel,2024,3,404.07
Kuching,Fuel,2024,4,394.2
Kuching,Fuel,2025,1,395.46
Kuching,Fuel,2025,2,359.95
Kuching,Fuel,2025,3,373.59
Kuching,Fuel,2025,4,351.5
Miri,Water,2020,1,749.9
Miri,Water,2020,2,630.81
Miri,Water,2020,3,682.82
Miri,Water,2020,4,736.17
Miri,Water,2021,1,719.64
Miri,Water,2021,2,756.43
Miri,Water,2021,3,708.57
Miri,Water,2021,4,693.68
Miri,Water,2022,1,640.73
Miri,Water,2022,2,645.68
Miri,Water,2022,3,659.32
Miri,Water,2022,4,751.34
Miri,Water,2023,1,739.1
Miri,Water,2023,2,653.42
Miri,Water,2023,3,752.2
Miri,Water,2023,4,649.36
Miri,Water,2024,1,671.34
Miri,Water,2024,2,668.36
Miri,Water,2024,3,676.8
Miri,Water,2024,4,750.3
Miri,Water,2025,1,703.23
Miri,Water,2025,2,655.17
Miri,Water,2025,3,760.34
Miri,Water,2025,4,642.87
Miri,Electricity,2020,1,1258.65
Miri,Electricity,2020,2,1127.43
Miri,Electricity,2020,3,1130.93
Miri,Electricity,2020,4,1175.41
Miri,Electricity,2021,1,1276.18
Miri,Electricity,2021,2,1063.51
Miri,Electricity,2021,3,1087.38
Miri,Electricity,2021,4,1088.29
Miri,Electricity,2022,1,1098.39
Miri,Electricity,2022,2,1172.62
Miri,Electricity,2022,3,1231.01
Miri,Electricity,2022,4,1268.16
Miri,Electricity,2023,1,1052.14
Miri,Electricity,2023,2,1100.68
Miri,Electricity,2023,3,1228.26
Miri,Electricity,2023,4,1190.77
Miri,Electricity,2024,1,1123.51
Miri,Electricity,2024,2,1260.66
Miri,Electricity,2024,3,1073.88
Miri,Electricity,2024,4,1118.29
Miri,Electricity,2025,1,1174.21
Miri,Electricity,2025,2,1218.87
Miri,Electricity,2025,3,1255.42
Miri,Electricity,2025,4,1159.64
Miri,Fuel,2020,1,407.13
Miri,Fuel,2020,2,436.27
Miri,Fuel,2020,3,481.04
Miri,Fuel,2020,4,401.24
Miri,Fuel,2021,1,416.88
Miri,Fuel,2021,2,478.85
Miri,Fuel,2021,3,469.59
Miri,Fuel,2021,4,464.55
Miri,Fuel,2022,1,442.24
Miri,Fuel,2022,2,423.65
Miri,Fuel,2022,3,443.52
Miri,Fuel,2022,4,426.83
Miri,Fuel,2023,1,485.53
Miri,Fuel,2023,2,465.8
Miri,Fuel,2023,3,476.64
Miri,Fuel,2023,4,450.95
Miri,Fuel,2024,1,459.25
Miri,Fuel,2024,2,477.84
Miri,Fuel,2024,3,442.68
Miri,Fuel,2024,4,407.65
Miri,Fuel,2025,1,470.96
Miri,Fuel,2025,2,439.52
Miri,Fuel,2025,3,440.23
Miri,Fuel,2025,4,439.69
Sibu,Water,2020,1,929.85
Sibu,Water,2020,2,875.69
Sibu,Water,2020,3,838.05
Sibu,Water,2020,4,922.83
Sibu,Water,2021,1,924.3
Sibu,Water,2021,2,921.56
Sibu,Water,2021,3,942.65
Sibu,Water,2021,4,832.43
Sibu,Water,2022,1,796.13
Sibu,Water,2022,2,942.38
Sibu,Water,2022,3,851.56
Sibu,Water,2022,4,853.34
Sibu,Water,2023,1,937.72
Sibu,Water,2023,2,842.8
Sibu,Water,2023,3,915.51
Sibu,Water,2023,4,947.65
Sibu,Water,2024,1,923.85
Sibu,Water,2024,2,816.29
Sibu,Water,2024,3,800.9
Sibu,Water,2024,4,791.94
Sibu,Water,2025,1,900.14
Sibu,Water,2025,2,859.38
Sibu,Water,2025,3,913.18
Sibu,Water,2025,4,891.3
Sibu,Electricity,2020,1,1213.26
Sibu,Electricity,2020,2,1132.33
Sibu,Electricity,2020,3,1114.68
Sibu,Electricity,2020,4,1014.16
Sibu,Electricity,2021,1,1170.68
Sibu,Electricity,2021,2,1168.18
Sibu,Electricity,2021,3,1225.88
Sibu,Electricity,2021,4,1014.98
Sibu,Electricity,2022,1,1129.74
Sibu,Electricity,2022,2,1212.59
Sibu,Electricity,2022,3,1021.29
Sibu,Electricity,2022,4,1170.64
Sibu,Electricity,2023,1,1056.01
Sibu,Electricity,2023,2,1118.15
Sibu,Electricity,2023,3,1169.78
Sibu,Electricity,2023,4,1189.51
Sibu,Electricity,2024,1,1111.27
Sibu,Electricity,2024,2,1194.54
Sibu,Electricity,2024,3,1116.78
Sibu,Electricity,2024,4,1039.64
Sibu,Electricity,2025,1,1049.77
Sibu,Electricity,2025,2,1197.48
Sibu,Electricity,2025,3,1143.3
Sibu,Electricity,2025,4,1223.08
Sibu,Fuel,2020,1,340.89
Sibu,Fuel,2020,2,365.65
Sibu,Fuel,2020,3,376.94
Sibu,Fuel,2020,4,384.1
Sibu,Fuel,2021,1,390.47
Sibu,Fuel,2021,2,334.46
Sibu,Fuel,2021,3,401.73
Sibu,Fuel,2021,4,351.0
Sibu,Fuel,2022,1,361.21
Sibu,Fuel,2022,2,379.57
Sibu,Fuel,2022,3,357.46
Sibu,Fuel,2022,4,384.41
Sibu,Fuel,2023,1,362.74
Sibu,Fuel,2023,2,393.47
Sibu,Fuel,2023,3,367.22
Sibu,Fuel,2023,4,333.47
Sibu,Fuel,2024,1,364.51
Sibu,Fuel,2024,2,339.48
Sibu,Fuel,2024,3,362.01
Sibu,Fuel,2024,4,333.29
Sibu,Fuel,2025,1,336.19
Sibu,Fuel,2025,2,366.62
Sibu,Fuel,2025,3,352.4
Sibu,Fuel,2025,4,345.39
Bintulu,Water,2020,1,700.34
Bintulu,Water,2020,2,780.35
Bintulu,Water,2020,3,805.93
Bintulu,Water,2020,4,826.06
Bintulu,Water,2021,1,765.5
Bintulu,Water,2021,2,715.14
Bintulu,Water,2021,3,719.26
Bintulu,Water,2021,4,761.5
Bintulu,Water,2022,1,748.33
Bintulu,Water,2022,2,759.48
Bintulu,Water,2022,3,826.09
Bintulu,Water,2022,4,784.99
Bintulu,Water,2023,1,737.12
Bintulu,Water,2023,2,695.41
Bintulu,Water,2023,3,788.99
Bintulu,Water,2023,4,793.03
Bintulu,Water,2024,1,727.01
Bintulu,Water,2024,2,721.58
Bintulu,Water,2024,3,687.81
Bintulu,Water,2024,4,803.17
Bintulu,Water,2025,1,685.96
Bintulu,Water,2025,2,704.63
Bintulu,Water,2025,3,826.74
Bintulu,Water,2025,4,761.2
Bintulu,Electricity,2020,1,1736.24
Bintulu,Electricity,2020,2,1784.89
Bintulu,Electricity,2020,3,1898.9
Bintulu,Electricity,2020,4,1819.99
Bintulu,Electricity,2021,1,1915.61
Bintulu,Electricity,2021,2,1583.15
Bintulu,Electricity,2021,3,1586.64
Bintulu,Electricity,2021,4,1749.27
Bintulu,Electricity,2022,1,1926.21
Bintulu,Electricity,2022,2,1627.26
Bintulu,Electricity,2022,3,1834.84
Bintulu,Electricity,2022,4,1757.57
Bintulu,Electricity,2023,1,1690.8
Bintulu,Electricity,2023,2,1919.72
Bintulu,Electricity,2023,3,1615.05
Bintulu,Electricity,2023,4,1682.73
Bintulu,Electricity,2024,1,1623.82
Bintulu,Electricity,2024,2,1675.28
Bintulu,Electricity,2024,3,1586.1
Bintulu,Electricity,2024,4,1816.15
Bintulu,Electricity,2025,1,1786.47
Bintulu,Electricity,2025,2,1812.01
Bintulu,Electricity,2025,3,1866.1
Bintulu,Electricity,2025,4,1886.18
Bintulu,Fuel,2020,1,446.66
Bintulu,Fuel,2020,2,446.52
Bintulu,Fuel,2020,3,424.27
Bintulu,Fuel,2020,4,407.07
Bintulu,Fuel,2021,1,470.39
Bintulu,Fuel,2021,2,472.23
Bintulu,Fuel,2021,3,396.23
Bintulu,Fuel,2021,4,447.31
Bintulu,Fuel,2022,1,399.47
Bintulu,Fuel,2022,2,416.81
Bintulu,Fuel,2022,3,426.26
Bintulu,Fuel,2022,4,441.49
Bintulu,Fuel,2023,1,467.18
Bintulu,Fuel,2023,2,454.59
Bintulu,Fuel,2023,3,421.3
Bintulu,Fuel,2023,4,438.45
Bintulu,Fuel,2024,1,418.07
Bintulu,Fuel,2024,2,435.68
Bintulu,Fuel,2024,3,418.54
Bintulu,Fuel,2024,4,408.2
Bintulu,Fuel,2025,1,411.39
Bintulu,Fuel,2025,2,435.36
Bintulu,Fuel,2025,3,406.51
Bintulu,Fuel,2025,4,458.57
Lahad Datu,Water,2020,1,777.02
Lahad Datu,Water,2020,2,742.07
Lahad Datu,Water,2020,3,683.86
Lahad Datu,Water,2020,4,641.88
Lahad Datu,Water,2021,1,718.15
Lahad Datu,Water,2021,2,691.31
Lahad Datu,Water,2021,3,663.6
Lahad Datu,Water,2021,4,688.25
Lahad Datu,Water,2022,1,645.77
Lahad Datu,Water,2022,2,701.78
Lahad Datu,Water,2022,3,728.93
Lahad Datu,Water,2022,4,690.76
Lahad Datu,Water,2023,1,650.47
Lahad Datu,Water,2023,2,712.61
Lahad Datu,Water,2023,3,701.75
Lahad Datu,Water,2023,4,639.24
Lahad Datu,Water,2024,1,684.64
Lahad Datu,Water,2024,2,732.09
Lahad Datu,Water,2024,3,742.12
Lahad Datu,Water,2024,4,733.27
Lahad Datu,Water,2025,1,689.05
Lahad Datu,Water,2025,2,694.84
Lahad Datu,Water,2025,3,733.93
Lahad Datu,Water,2025,4,771.23
Lahad Datu,Electricity,2020,1,2052.24
Lahad Datu,Electricity,2020,2,1870.92
Lahad Datu,Electricity,2020,3,2117.09
Lahad Datu,Electricity,2020,4,1951.49
Lahad Datu,Electricity,2021,1,2021.12
Lahad Datu,Electricity,2021,2,1745.55
Lahad Datu,Electricity,2021,3,2021.84
Lahad Datu,Electricity,2021,4,2013.31
Lahad Datu,Electricity,2022,1,1767.96
Lahad Datu,Electricity,2022,2,1746.13
Lahad Datu,Electricity,2022,3,1997.01
Lahad Datu,Electricity,2022,4,1958.85
Lahad Datu,Electricity,2023,1,2020.99
Lahad Datu,Electricity,2023,2,1977.75
Lahad Datu,Electricity,2023,3,1954.48
Lahad Datu,Electricity,2023,4,2091.37
Lahad Datu,Electricity,2024,1,1806.66
Lahad Datu,Electricity,2024,2,1901.04
Lahad Datu,Electricity,2024,3,2044.56
Lahad Datu,Electricity,2024,4,1815.22
Lahad Datu,Electricity,2025,1,2086.72
Lahad Datu,Electricity,2025,2,2034.74
Lahad Datu,Electricity,2025,3,2053.7
Lahad Datu,Electricity,2025,4,1765.38
Lahad Datu,Fuel,2020,1,563.43
Lahad Datu,Fuel,2020,2,465.7
Lahad Datu,Fuel,2020,3,485.3
Lahad Datu,Fuel,2020,4,491.22
Lahad Datu,Fuel,2021,1,508.5
Lahad Datu,Fuel,2021,2,552.16
Lahad Datu,Fuel,2021,3,467.0
Lahad Datu,Fuel,2021,4,507.9
Lahad Datu,Fuel,2022,1,545.82
Lahad Datu,Fuel,2022,2,482.05
Lahad Datu,Fuel,2022,3,492.43
Lahad Datu,Fuel,2022,4,519.12
Lahad Datu,Fuel,2023,1,487.7
Lahad Datu,Fuel,2023,2,510.57
Lahad Datu,Fuel,2023,3,516.49
Lahad Datu,Fuel,2023,4,478.27
Lahad Datu,Fuel,2024,1,521.5
Lahad Datu,Fuel,2024,2,504.08
Lahad Datu,Fuel,2024,3,544.29
Lahad Datu,Fuel,2024,4,475.67
Lahad Datu,Fuel,2025,1,494.52
Lahad Datu,Fuel,2025,2,526.52
Lahad Datu,Fuel,2025,3,521.78
Lahad Datu,Fuel,2025,4,563.02
Putrajaya,Water,2020,1,490.56
Putrajaya,Water,2020,2,464.69
Putrajaya,Water,2020,3,484.08
Putrajaya,Water,2020,4,479.77
Putrajaya,Water,2021,1,484.78
Putrajaya,Water,2021,2,546.05
Putrajaya,Water,2021,3,541.86
Putrajaya,Water,2021,4,531.76
Putrajaya,Water,2022,1,502.48
Putrajaya,Water,2022,2,460.41
Putrajaya,Water,2022,3,520.35
Putrajaya,Water,2022,4,495.03
Putrajaya,Water,2023,1,534.67
Putrajaya,Water,2023,2,477.75
Putrajaya,Water,2023,3,461.53
Putrajaya,Water,2023,4,545.05
Putrajaya,Water,2024,1,531.55
Putrajaya,Water,2024,2,536.2
Putrajaya,Water,2024,3,479.38
Putrajaya,Water,2024,4,517.67
Putrajaya,Water,2025,1,495.19
Putrajaya,Water,2025,2,538.02
Putrajaya,Water,2025,3,506.24
Putrajaya,Water,2025,4,494.31
Putrajaya,Electricity,2020,1,1596.25
Putrajaya,Electricity,2020,2,1810.3
Putrajaya,Electricity,2020,3,1588.5
Putrajaya,Electricity,2020,4,1731.42
Putrajaya,Electricity,2021,1,1839.3
Putrajaya,Electricity,2021,2,1655.47
Putrajaya,Electricity,2021,3,1555.25
Putrajaya,Electricity,2021,4,1826.85
Putrajaya,Electricity,2022,1,1617.77
Putrajaya,Electricity,2022,2,1537.08
Putrajaya,Electricity,2022,3,1727.83
Putrajaya,Electricity,2022,4,1747.97
Putrajaya,Electricity,2023,1,1613.59
Putrajaya,Electricity,2023,2,1595.59
Putrajaya,Electricity,2023,3,1558.77
Putrajaya,Electricity,2023,4,1569.57
Putrajaya,Electricity,2024,1,1864.53
Putrajaya,Electricity,2024,2,1670.35
Putrajaya,Electricity,2024,3,1732.46
Putrajaya,Electricity,2024,4,1702.42
Putrajaya,Electricity,2025,1,1548.25
Putrajaya,Electricity,2025,2,1752.08
Putrajaya,Electricity,2025,3,1787.38
Putrajaya,Electricity,2025,4,1779.0
Putrajaya,Fuel,2020,1,376.75
Putrajaya,Fuel,2020,2,423.08
Putrajaya,Fuel,2020,3,355.79
Putrajaya,Fuel,2020,4,383.1
Putrajaya,Fuel,2021,1,378.93
Putrajaya,Fuel,2021,2,351.02
Putrajaya,Fuel,2021,3,366.79
Putrajaya,Fuel,2021,4,409.28
Putrajaya,Fuel,2022,1,420.47
Putrajaya,Fuel,2022,2,359.3
Putrajaya,Fuel,2022,3,354.28
Putrajaya,Fuel,2022,4,406.18
Putrajaya,Fuel,2023,1,397.74
Putrajaya,Fuel,2023,2,394.82
Putrajaya,Fuel,2023,3,421.71
Putrajaya,Fuel,2023,4,420.71
Putrajaya,Fuel,2024,1,388.91
Putrajaya,Fuel,2024,2,393.33
Putrajaya,Fuel,2024,3,395.65
Putrajaya,Fuel,2024,4,367.92
Putrajaya,Fuel,2025,1,368.34
Putrajaya,Fuel,2025,2,379.82
Putrajaya,Fuel,2025,3,414.75
Putrajaya,Fuel,2025,4,365.14
Cyberjaya,Water,2020,1,648.99
Cyberjaya,Water,2020,2,539.48
Cyberjaya,Water,2020,3,559.71
Cyberjaya,Water,2020,4,600.27
Cyberjaya,Water,2021,1,595.92
Cyberjaya,Water,2021,2,631.92
Cyberjaya,Water,2021,3,582.85
Cyberjaya,Water,2021,4,602.16
Cyberjaya,Water,2022,1,583.28
Cyberjaya,Water,2022,2,631.52
Cyberjaya,Water,2022,3,571.82
Cyberjaya,Water,2022,4,578.38
Cyberjaya,Water,2023,1,620.98
Cyberjaya,Water,2023,2,631.69
Cyberjaya,Water,2023,3,573.55
Cyberjaya,Water,2023,4,600.2
Cyberjaya,Water,2024,1,572.48
Cyberjaya,Water,2024,2,555.72
Cyberjaya,Water,2024,3,597.91
Cyberjaya,Water,2024,4,646.35
Cyberjaya,Water,2025,1,620.19
Cyberjaya,Water,2025,2,601.86
Cyberjaya,Water,2025,3,546.12
Cyberjaya,Water,2025,4,624.69
Cyberjaya,Electricity,2020,1,1530.32
Cyberjaya,Electricity,2020,2,1642.15
Cyberjaya,Electricity,2020,3,1689.05
Cyberjaya,Electricity,2020,4,1579.3
Cyberjaya,Electricity,2021,1,1537.48
Cyberjaya,Electricity,2021,2,1730.53
Cyberjaya,Electricity,2021,3,1747.09
Cyberjaya,Electricity,2021,4,1810.41
Cyberjaya,Electricity,2022,1,1767.23
Cyberjaya,Electricity,2022,2,1503.82
Cyberjaya,Electricity,2022,3,1669.12
Cyberjaya,Electricity,2022,4,1764.8
Cyberjaya,Electricity,2023,1,1536.43
Cyberjaya,Electricity,2023,2,1624.68
Cyberjaya,Electricity,2023,3,1822.92
Cyberjaya,Electricity,2023,4,1764.07
Cyberjaya,Electricity,2024,1,1622.19
Cyberjaya,Electricity,2024,2,1670.79
Cyberjaya,Electricity,2024,3,1790.46
Cyberjaya,Electricity,2024,4,1549.22
Cyberjaya,Electricity,2025,1,1715.39
Cyberjaya,Electricity,2025,2,1636.03
Cyberjaya,Electricity,2025,3,1726.66
Cyberjaya,Electricity,2025,4,1747.57
Cyberjaya,Fuel,2020,1,476.96
Cyberjaya,Fuel,2020,2,501.21
Cyberjaya,Fuel,2020,3,428.83
Cyberjaya,Fuel,2020,4,490.47
Cyberjaya,Fuel,2021,1,443.35
Cyberjaya,Fuel,2021,2,509.47
Cyberjaya,Fuel,2021,3,503.75
Cyberjaya,Fuel,2021,4,454.93
Cyberjaya,Fuel,2022,1,488.43
Cyberjaya,Fuel,2022,2,475.61
Cyberjaya,Fuel,2022,3,455.97
Cyberjaya,Fuel,2022,4,455.27
Cyberjaya,Fuel,2023,1,446.23
Cyberjaya,Fuel,2023,2,464.06
Cyberjaya,Fuel,2023,3,424.3
Cyberjaya,Fuel,2023,4,487.73
Cyberjaya,Fuel,2024,1,486.3
Cyberjaya,Fuel,2024,2,493.77
Cyberjaya,Fuel,2024,3,476.45
Cyberjaya,Fuel,2024,4,440.48
Cyberjaya,Fuel,2025,1,446.31
Cyberjaya,Fuel,2025,2,443.74
Cyberjaya,Fuel,2025,3,447.82
Cyberjaya,Fuel,2025,4,442.1
Sepang,Water,2020,1,619.41
Sepang,Water,2020,2,580.38
Sepang,Water,2020,3,635.75
Sepang,Water,2020,4,563.81
Sepang,Water,2021,1,634.62
Sepang,Water,2021,2,575.45
Sepang,Water,2021,3,561.02
Sepang,Water,2021,4,619.0
Sepang,Water,2022,1,635.16
Sepang,Water,2022,2,612.19
Sepang,Water,2022,3,583.14
Sepang,Water,2022,4,557.13
Sepang,Water,2023,1,558.14
Sepang,Water,2023,2,561.93
Sepang,Water,2023,3,632.17
Sepang,Water,2023,4,587.3
Sepang,Water,2024,1,543.08
Sepang,Water,2024,2,642.24
Sepang,Water,2024,3,639.86
Sepang,Water,2024,4,565.04
Sepang,Water,2025,1,636.84
Sepang,Water,2025,2,617.38
Sepang,Water,2025,3,574.67
Sepang,Water,2025,4,637.04
Sepang,Electricity,2020,1,1611.53
Sepang,Electricity,2020,2,1684.5
Sepang,Electricity,2020,3,1587.25
Sepang,Electricity,2020,4,1704.63
Sepang,Electricity,2021,1,1569.41
Sepang,Electricity,2021,2,1562.45
Sepang,Electricity,2021,3,1758.14
Sepang,Electricity,2021,4,1472.28
Sepang,Electricity,2022,1,1723.21
Sepang,Electricity,2022,2,1544.08
Sepang,Electricity,2022,3,1455.04
Sepang,Electricity,2022,4,1454.19
Sepang,Electricity,2023,1,1518.19
Sepang,Electricity,2023,2,1713.12
Sepang,Electricity,2023,3,1701.38
Sepang,Electricity,2023,4,1580.2
Sepang,Electricity,2024,1,1707.34
Sepang,Electricity,2024,2,1460.36
Sepang,Electricity,2024,3,1706.16
Sepang,Electricity,2024,4,1707.63
Sepang,Electricity,2025,1,1654.98
Sepang,Electricity,2025,2,1652.12
Sepang,Electricity,2025,3,1486.57
Sepang,Electricity,2025,4,1600.25
Sepang,Fuel,2020,1,457.69
Sepang,Fuel,2020,2,444.23
Sepang,Fuel,2020,3,463.39
Sepang,Fuel,2020,4,458.67
Sepang,Fuel,2021,1,498.48
Sepang,Fuel,2021,2,467.98
Sepang,Fuel,2021,3,434.78
Sepang,Fuel,2021,4,476.7
Sepang,Fuel,2022,1,484.37
Sepang,Fuel,2022,2,466.18
Sepang,Fuel,2022,3,473.44
Sepang,Fuel,2022,4,428.17
Sepang,Fuel,2023,1,510.35
Sepang,Fuel,2023,2,450.83
Sepang,Fuel,2023,3,492.71
Sepang,Fuel,2023,4,492.12
Sepang,Fuel,2024,1,472.93
Sepang,Fuel,2024,2,507.75
Sepang,Fuel,2024,3,459.61
Sepang,Fuel,2024,4,448.99
Sepang,Fuel,2025,1,509.27
Sepang,Fuel,2025,2,469.32
Sepang,Fuel,2025,3,479.43
Sepang,Fuel,2025,4,481.67
Sungai Petani,Water,2020,1,811.75
Sungai Petani,Water,2020,2,880.99
Sungai Petani,Water,2020,3,820.22
Sungai Petani,Water,2020,4,841.32
Sungai Petani,Water,2021,1,811.14
Sungai Petani,Water,2021,2,831.54
Sungai Petani,Water,2021,3,837.63
Sungai Petani,Water,2021,4,971.39
Sungai Petani,Water,2022,1,851.65
Sungai Petani,Water,2022,2,894.79
Sungai Petani,Water,2022,3,838.72
Sungai Petani,Water,2022,4,845.42
Sungai Petani,Water,2023,1,886.41
Sungai Petani,Water,2023,2,962.43
Sungai Petani,Water,2023,3,955.77
Sungai Petani,Water,2023,4,877.4
Sungai Petani,Water,2024,1,807.93
Sungai Petani,Water,2024,2,827.14
Sungai Petani,Water,2024,3,873.42
Sungai Petani,Water,2024,4,857.03
Sungai Petani,Water,2025,1,856.64
Sungai Petani,Water,2025,2,818.94
Sungai Petani,Water,2025,3,965.17
Sungai Petani,Water,2025,4,945.5
Sungai Petani,Electricity,2020,1,1640.02
Sungai Petani,Electricity,2020,2,1475.06
Sungai Petani,Electricity,2020,3,1576.76
Sungai Petani,Electricity,2020,4,1581.07
Sungai Petani,Electricity,2021,1,1563.87
Sungai Petani,Electricity,2021,2,1634.2
Sungai Petani,Electricity,2021,3,1583.1
Sungai Petani,Electricity,2021,4,1717.32
Sungai Petani,Electricity,2022,1,1443.0
Sungai Petani,Electricity,2022,2,1657.54
Sungai Petani,Electricity,2022,3,1576.8
Sungai Petani,Electricity,2022,4,1605.9
Sungai Petani,Electricity,2023,1,1719.55
Sungai Petani,Electricity,2023,2,1475.23
Sungai Petani,Electricity,2023,3,1704.89
Sungai Petani,Electricity,2023,4,1592.29
Sungai Petani,Electricity,2024,1,1683.2
Sungai Petani,Electricity,2024,2,1727.72
Sungai Petani,Electricity,2024,3,1646.47
Sungai Petani,Electricity,2024,4,1638.53
Sungai Petani,Electricity,2025,1,1494.07
Sungai Petani,Electricity,2025,2,1492.14
Sungai Petani,Electricity,2025,3,1580.75
Sungai Petani,Electricity,2025,4,1671.65
Sungai Petani,Fuel,2020,1,383.59
Sungai Petani,Fuel,2020,2,383.68
Sungai Petani,Fuel,2020,3,346.43
Sungai Petani,Fuel,2020,4,378.77
Sungai Petani,Fuel,2021,1,387.46
Sungai Petani,Fuel,2021,2,359.24
Sungai Petani,Fuel,2021,3,344.86
Sungai Petani,Fuel,2021,4,353.5
Sungai Petani,Fuel,2022,1,375.01
Sungai Petani,Fuel,2022,2,354.47
Sungai Petani,Fuel,2022,3,396.64
Sungai Petani,Fuel,2022,4,386.07
Sungai Petani,Fuel,2023,1,404.79
Sungai Petani,Fuel,2023,2,346.07
Sungai Petani,Fuel,2023,3,386.62
Sungai Petani,Fuel,2023,4,368.08
Sungai Petani,Fuel,2024,1,335.98
Sungai Petani,Fuel,2024,2,360.49
Sungai Petani,Fuel,2024,3,365.26
Sungai Petani,Fuel,2024,4,370.76
Sungai Petani,Fuel,2025,1,362.42
Sungai Petani,Fuel,2025,2,342.34
Sungai Petani,Fuel,2025,3,362.73
Sungai Petani,Fuel,2025,4,370.12
Manjung,Water,2020,1,708.24
Manjung,Water,2020,2,580.93
Manjung,Water,2020,3,627.14
Manjung,Water,2020,4,654.39
Manjung,Water,2021,1,589.18
Manjung,Water,2021,2,587.15
Manjung,Water,2021,3,654.68
Manjung,Water,2021,4,601.63
Manjung,Water,2022,1,611.01
Manjung,Water,2022,2,630.53
Manjung,Water,2022,3,620.82
Manjung,Water,2022,4,626.26
Manjung,Water,2023,1,669.24
Manjung,Water,2023,2,608.25
Manjung,Water,2023,3,623.49
Manjung,Water,2023,4,645.19
Manjung,Water,2024,1,591.84
Manjung,Water,2024,2,678.72
Manjung,Water,2024,3,642.6
Manjung,Water,2024,4,594.08
Manjung,Water,2025,1,645.18
Manjung,Water,2025,2,698.68
Manjung,Water,2025,3,620.37
Manjung,Water,2025,4,685.2
Manjung,Electricity,2020,1,1966.38
Manjung,Electricity,2020,2,1948.28
Manjung,Electricity,2020,3,1737.49
Manjung,Electricity,2020,4,1851.18
Manjung,Electricity,2021,1,1955.71
Manjung,Electricity,2021,2,1897.43
Manjung,Electricity,2021,3,1862.68
Manjung,Electricity,2021,4,1796.9
Manjung,Electricity,2022,1,1753.92
Manjung,Electricity,2022,2,1753.49
Manjung,Electricity,2022,3,1856.0
Manjung,Electricity,2022,4,1893.44
Manjung,Electricity,2023,1,2017.6
Manjung,Electricity,2023,2,1710.78
Manjung,Electricity,2023,3,1668.26
Manjung,Electricity,2023,4,1978.42
Manjung,Electricity,2024,1,1898.99
Manjung,Electricity,2024,2,1972.22
Manjung,Electricity,2024,3,1828.27
Manjung,Electricity,2024,4,1910.2
Manjung,Electricity,2025,1,1815.16
Manjung,Electricity,2025,2,1824.55
Manjung,Electricity,2025,3,1972.59
Manjung,Electricity,2025,4,1998.14
Manjung,Fuel,2020,1,476.77
Manjung,Fuel,2020,2,412.64
Manjung,Fuel,2020,3,403.04
Manjung,Fuel,2020,4,412.1
Manjung,Fuel,2021,1,458.0
Manjung,Fuel,2021,2,423.62
Manjung,Fuel,2021,3,446.45
Manjung,Fuel,2021,4,398.78
Manjung,Fuel,2022,1,401.43
Manjung,Fuel,2022,2,476.28
Manjung,Fuel,2022,3,401.74
Manjung,Fuel,2022,4,476.46
Manjung,Fuel,2023,1,452.77
Manjung,Fuel,2023,2,413.11
Manjung,Fuel,2023,3,417.22
Manjung,Fuel,2023,4,430.51
Manjung,Fuel,2024,1,478.71
Manjung,Fuel,2024,2,468.93
Manjung,Fuel,2024,3,413.54
Manjung,Fuel,2024,4,431.3
Manjung,Fuel,2025,1,457.05
Manjung,Fuel,2025,2,432.45
Manjung,Fuel,2025,3,469.82
Manjung,Fuel,2025,4,438.83
Nilai,Water,2020,1,684.06
Nilai,Water,2020,2,691.12
Nilai,Water,2020,3,690.06
Nilai,Water,2020,4,672.86
Nilai,Water,2021,1,682.15
Nilai,Water,2021,2,632.97
Nilai,Water,2021,3,612.34
Nilai,Water,2021,4,690.06
Nilai,Water,2022,1,691.76
Nilai,Water,2022,2,673.78
Nilai,Water,2022,3,651.27
Nilai,Water,2022,4,634.51
Nilai,Water,2023,1,679.88
Nilai,Water,2023,2,677.04
Nilai,Water,2023,3,730.34
Nilai,Water,2023,4,623.15
Nilai,Water,2024,1,611.63
Nilai,Water,2024,2,697.33
Nilai,Water,2024,3,685.67
Nilai,Water,2024,4,698.78
Nilai,Water,2025,1,635.81
Nilai,Water,2025,2,720.67
Nilai,Water,2025,3,661.28
Nilai,Water,2025,4,631.11
Nilai,Electricity,2020,1,1274.62
Nilai,Electricity,2020,2,1254.0
Nilai,Electricity,2020,3,1356.79
Nilai,Electricity,2020,4,1496.58
Nilai,Electricity,2021,1,1376.81
Nilai,Electricity,2021,2,1479.14
Nilai,Electricity,2021,3,1487.34
Nilai,Electricity,2021,4,1375.35
Nilai,Electricity,2022,1,1243.26
Nilai,Electricity,2022,2,1500.82
Nilai,Electricity,2022,3,1422.78
Nilai,Electricity,2022,4,1381.63
Nilai,Electricity,2023,1,1484.52
Nilai,Electricity,2023,2,1287.87
Nilai,Electricity,2023,3,1400.58
Nilai,Electricity,2023,4,1288.72
Nilai,Electricity,2024,1,1445.56
Nilai,Electricity,2024,2,1405.09
Nilai,Electricity,2024,3,1385.92
Nilai,Electricity,2024,4,1402.3
Nilai,Electricity,2025,1,1323.07
Nilai,Electricity,2025,2,1338.81
Nilai,Electricity,2025,3,1370.22
Nilai,Electricity,2025,4,1336.23
Nilai,Fuel,2020,1,366.79
Nilai,Fuel,2020,2,374.0
Nilai,Fuel,2020,3,403.27
Nilai,Fuel,2020,4,371.41
Nilai,Fuel,2021,1,415.61
Nilai,Fuel,2021,2,372.52
Nilai,Fuel,2021,3,395.96
Nilai,Fuel,2021,4,367.07
Nilai,Fuel,2022,1,379.03
Nilai,Fuel,2022,2,351.27
Nilai,Fuel,2022,3,378.27
Nilai,Fuel,2022,4,361.01
Nilai,Fuel,2023,1,365.72
Nilai,Fuel,2023,2,347.54
Nilai,Fuel,2023,3,411.82
Nilai,Fuel,2023,4,364.69
Nilai,Fuel,2024,1,387.7
Nilai,Fuel,2024,2,377.13
Nilai,Fuel,2024,3,417.0
Nilai,Fuel,2024,4,372.07
Nilai,Fuel,2025,1,380.49
Nilai,Fuel,2025,2,375.4
Nilai,Fuel,2025,3,370.32
Nilai,Fuel,2025,4,410.49
Bentong,Water,2020,1,867.27
Bentong,Water,2020,2,926.35
Bentong,Water,2020,3,923.43
Bentong,Water,2020,4,938.49
Bentong,Water,2021,1,946.18
Bentong,Water,2021,2,901.53
Bentong,Water,2021,3,952.66
Bentong,Water,2021,4,811.14
Bentong,Water,2022,1,819.77
Bentong,Water,2022,2,916.57
Bentong,Water,2022,3,835.87
Bentong,Water,2022,4,878.75
Bentong,Water,2023,1,932.81
Bentong,Water,2023,2,919.51
Bentong,Water,2023,3,890.64
Bentong,Water,2023,4,939.9
Bentong,Water,2024,1,973.43
Bentong,Water,2024,2,951.1
Bentong,Water,2024,3,948.42
Bentong,Water,2024,4,919.93
Bentong,Water,2025,1,871.77
Bentong,Water,2025,2,838.94
Bentong,Water,2025,3,903.5
Bentong,Water,2025,4,898.61
Bentong,Electricity,2020,1,1587.84
Bentong,Electricity,2020,2,1735.86
Bentong,Electricity,2020,3,1741.26
Bentong,Electricity,2020,4,1896.26
Bentong,Electricity,2021,1,1807.64
Bentong,Electricity,2021,2,1855.9
Bentong,Electricity,2021,3,1861.44
Bentong,Electricity,2021,4,1837.34
Bentong,Electricity,2022,1,1892.96
Bentong,Electricity,2022,2,1756.33
Bentong,Electricity,2022,3,1797.48
Bentong,Electricity,2022,4,1800.49
Bentong,Electricity,2023,1,1581.87
Bentong,Electricity,2023,2,1708.53
Bentong,Electricity,2023,3,1792.13
Bentong,Electricity,2023,4,1793.25
Bentong,Electricity,2024,1,1914.11
Bentong,Electricity,2024,2,1860.18
Bentong,Electricity,2024,3,1822.49
Bentong,Electricity,2024,4,1615.53
Bentong,Electricity,2025,1,1621.89
Bentong,Electricity,2025,2,1883.07
Bentong,Electricity,2025,3,1852.96
Bentong,Electricity,2025,4,1708.25
Bentong,Fuel,2020,1,633.01
Bentong,Fuel,2020,2,556.76
Bentong,Fuel,2020,3,569.7
Bentong,Fuel,2020,4,636.56
Bentong,Fuel,2021,1,534.83
Bentong,Fuel,2021,2,563.87
Bentong,Fuel,2021,3,644.5
Bentong,Fuel,2021,4,607.7
Bentong,Fuel,2022,1,646.34
Bentong,Fuel,2022,2,549.85
Bentong,Fuel,2022,3,587.41
Bentong,Fuel,2022,4,530.3
Bentong,Fuel,2023,1,557.68
Bentong,Fuel,2023,2,600.37
Bentong,Fuel,2023,3,570.46
Bentong,Fuel,2023,4,628.53
Bentong,Fuel,2024,1,604.71
Bentong,Fuel,2024,2,580.43
Bentong,Fuel,2024,3,568.67
Bentong,Fuel,2024,4,607.71
Bentong,Fuel,2025,1,598.41
Bentong,Fuel,2025,2,628.95
Bentong,Fuel,2025,3,535.33
Bentong,Fuel,2025,4,609.0
Gombak,Water,2020,1,649.43
Gombak,Water,2020,2,696.33
Gombak,Water,2020,3,598.4
Gombak,Water,2020,4,615.79
Gombak,Water,2021,1,649.45
Gombak,Water,2021,2,621.65
Gombak,Water,2021,3,622.06
Gombak,Water,2021,4,642.98
Gombak,Water,2022,1,605.05
Gombak,Water,2022,2,607.57
Gombak,Water,2022,3,588.59
Gombak,Water,2022,4,701.13
Gombak,Water,2023,1,680.04
Gombak,Water,2023,2,581.77
Gombak,Water,2023,3,595.51
Gombak,Water,2023,4,650.49
Gombak,Water,2024,1,628.63
Gombak,Water,2024,2,671.7
Gombak,Water,2024,3,648.08
Gombak,Water,2024,4,601.75
Gombak,Water,2025,1,700.85
Gombak,Water,2025,2,593.61
Gombak,Water,2025,3,630.01
Gombak,Water,2025,4,613.5
Gombak,Electricity,2020,1,1035.03
Gombak,Electricity,2020,2,1112.03
Gombak,Electricity,2020,3,1035.73
Gombak,Electricity,2020,4,1120.64
Gombak,Electricity,2021,1,1048.74
Gombak,Electricity,2021,2,1064.67
Gombak,Electricity,2021,3,1000.19
Gombak,Electricity,2021,4,989.37
Gombak,Electricity,2022,1,1096.31
Gombak,Electricity,2022,2,1134.05
Gombak,Electricity,2022,3,1031.44
Gombak,Electricity,2022,4,1094.7
Gombak,Electricity,2023,1,1036.8
Gombak,Electricity,2023,2,1073.86
Gombak,Electricity,2023,3,991.06
Gombak,Electricity,2023,4,1035.33
Gombak,Electricity,2024,1,1000.04
Gombak,Electricity,2024,2,951.78
Gombak,Electricity,2024,3,1040.23
Gombak,Electricity,2024,4,1028.51
Gombak,Electricity,2025,1,943.66
Gombak,Electricity,2025,2,1102.37
Gombak,Electricity,2025,3,1061.25
Gombak,Electricity,2025,4,1094.19
Gombak,Fuel,2020,1,332.95
Gombak,Fuel,2020,2,300.12
Gombak,Fuel,2020,3,341.86
Gombak,Fuel,2020,4,325.25
Gombak,Fuel,2021,1,302.38
Gombak,Fuel,2021,2,304.66
Gombak,Fuel,2021,3,325.11
Gombak,Fuel,2021,4,294.95
Gombak,Fuel,2022,1,302.06
Gombak,Fuel,2022,2,312.19
Gombak,Fuel,2022,3,310.88
Gombak,Fuel,2022,4,313.21
Gombak,Fuel,2023,1,292.61
Gombak,Fuel,2023,2,325.69
Gombak,Fuel,2023,3,349.33
Gombak,Fuel,2023,4,342.87
Gombak,Fuel,2024,1,322.37
Gombak,Fuel,2024,2,296.57
Gombak,Fuel,2024,3,298.7
Gombak,Fuel,2024,4,341.44
Gombak,Fuel,2025,1,296.76
Gombak,Fuel,2025,2,343.18
Gombak,Fuel,2025,3,332.98
Gombak,Fuel,2025,4,298.47
